#,original reference,status,new src
1,one_cisco_lab_images/One-Experience.png,recovered from workshops.cisco.com,automation_images/One-Experience.png
2,@@PLUGINFILE@@/topology%20%281%29.png,recovered from workshops.cisco.com,automation_images/topology (1).png
3,one_cisco_lab_images/topology.png,recovered from workshops.cisco.com,automation_images/topology.png
4,one_cisco_lab_images/0.4-1.png,recovered from workshops.cisco.com,automation_images/0.4-1.png
5,one_cisco_lab_images/0.4-2 (1).png,recovered from workshops.cisco.com,automation_images/0.4-2 (1).png
6,one_cisco_lab_images/0.4-3.png,recovered from workshops.cisco.com,automation_images/0.4-3.png
7,one_cisco_lab_images/0.4-4.png,recovered from workshops.cisco.com,automation_images/0.4-4.png
8,one_cisco_lab_images/0.4-5.png,recovered from workshops.cisco.com,automation_images/0.4-5.png
9,one_cisco_lab_images/0.5.-2.png,recovered from workshops.cisco.com,automation_images/0.5.-2.png
10,one_cisco_lab_images/0.5-3.png,recovered from workshops.cisco.com,automation_images/0.5-3.png
11,one_cisco_lab_images/0.5-4.png,recovered from workshops.cisco.com,automation_images/0.5-4.png
12,one_cisco_lab_images/0.5-5.png,recovered from workshops.cisco.com,automation_images/0.5-5.png
13,one_cisco_lab_images/0.5-6.png,recovered from workshops.cisco.com,automation_images/0.5-6.png
14,one_cisco_lab_images/0.5.7.png,recovered from workshops.cisco.com,automation_images/0.5.7.png
15,one_cisco_lab_images/0.5-9.png,recovered from workshops.cisco.com,automation_images/0.5-9.png
16,one_cisco_lab_images/0.5.8.png,recovered from workshops.cisco.com,automation_images/0.5.8.png
17,data-missing=0.5-10.png?1774903892116,recovered from workshops.cisco.com,automation_images/0.5-10.png
18,one_cisco_lab_images/0.5-11.png,recovered from workshops.cisco.com,automation_images/0.5-11.png
19,one_cisco_lab_images/0.5.12.png,recovered from workshops.cisco.com,automation_images/0.5.12.png
20,data-missing=0.5-13.png?1774904703198,recovered from workshops.cisco.com,automation_images/0.5-13.png
21,one_cisco_lab_images/0.5-1.png,recovered from workshops.cisco.com,automation_images/0.5-1.png
22,one_cisco_lab_images/0.5-14.png,recovered from workshops.cisco.com,automation_images/0.5-14.png
23,one_cisco_lab_images/0.5-15 (1).png,recovered from workshops.cisco.com,automation_images/0.5-15 (1).png
24,one_cisco_lab_images/0.515 (1).PNG,recovered from workshops.cisco.com,automation_images/0.515 (1).PNG
25,one_cisco_lab_images/0.5-16.png,recovered from workshops.cisco.com,automation_images/0.5-16.png
26,one_cisco_lab_images/0.5-1-2.png,recovered from workshops.cisco.com,automation_images/0.5-1-2.png
27,one_cisco_lab_images/task1-CYOA (1).png,recovered from workshops.cisco.com,automation_images/task1-CYOA (1).png
28,one_cisco_lab_images/1.1-1.png,recovered from workshops.cisco.com,automation_images/1.1-1.png
29,one_cisco_lab_images/1.1-2.png,recovered from workshops.cisco.com,automation_images/1.1-2.png
30,one_cisco_lab_images/1.1-3.png,recovered from workshops.cisco.com,automation_images/1.1-3.png
31,one_cisco_lab_images/1.1-4.png,recovered from workshops.cisco.com,automation_images/1.1-4.png
32,data-missing=1.1-5.png?1775095086095,recovered from workshops.cisco.com,automation_images/1.1-5.png
33,data-missing=1.1-6.png?1775095987144,recovered from workshops.cisco.com,automation_images/1.1-6.png
34,data-missing=1.1-7.png?1775096204071,recovered from workshops.cisco.com,automation_images/1.1-7.png
35,data-missing=1.1-8.png?1775096420132,recovered from workshops.cisco.com,automation_images/1.1-8.png
36,data-missing=1.1-9.png?1775134399870,recovered from workshops.cisco.com,automation_images/1.1-9.png
37,data-missing=1.1-10.png?1775136873655,recovered from workshops.cisco.com,automation_images/1.1-10.png
38,data-missing=1.1-11.png?1775137298893,recovered from workshops.cisco.com,automation_images/1.1-11.png
39,data-missing=1.1-12.png?1775137693675,recovered from workshops.cisco.com,automation_images/1.1-12.png
40,data-missing=1.11-13.png?1775139272705,recovered from workshops.cisco.com,automation_images/1.11-13.png
41,data-missing=1.1-14.png?1775139664359,recovered from workshops.cisco.com,automation_images/1.1-14.png
42,data-missing=1.1-15.png?1775140370190,recovered from workshops.cisco.com,automation_images/1.1-15.png
43,data-missing=1.1-16.png?1775140678299,recovered from workshops.cisco.com,automation_images/1.1-16.png
44,data-missing=1.1-17.png?1775141614236,recovered from workshops.cisco.com,automation_images/1.1-17.png
45,data-missing=1.1-18.png?1775142024490,recovered from workshops.cisco.com,automation_images/1.1-18.png
46,data-missing=1.1-19.png?1775163910357,recovered from workshops.cisco.com,automation_images/1.1-19.png
47,data-missing=1.1-20.png?1775164168089,recovered from workshops.cisco.com,automation_images/1.1-20.png
48,one_cisco_lab_images/2026-06-24_10-15-04.png,recovered from workshops.cisco.com,automation_images/2026-06-24_10-15-04.png
49,data-missing=1.1-22.png?1775164651058,recovered from workshops.cisco.com,automation_images/1.1-22.png
50,data-missing=1.1-23.png?1775164832983,recovered from workshops.cisco.com,automation_images/1.1-23.png
51,data-missing=1.1-24.png?1775165106957,recovered from workshops.cisco.com,automation_images/1.1-24.png
52,data-missing=1.1-25.png?1775166273795,recovered from workshops.cisco.com,automation_images/1.1-25.png
53,data-missing=1.1-26.png?1775166512472,recovered from workshops.cisco.com,automation_images/1.1-26.png
54,data-missing=1.1-27.png?1775167143630,recovered from workshops.cisco.com,automation_images/1.1-27.png
55,data-missing=1.1-28.png?1775177816736,recovered from workshops.cisco.com,automation_images/1.1-28.png
56,data-missing=1.1-29.png?1775178278716,recovered from workshops.cisco.com,automation_images/1.1-29.png
57,data-missing=1.1-30.png?1775178536316,recovered from workshops.cisco.com,automation_images/1.1-30.png
58,data-missing=11.1-31.png?1775178689079,recovered from workshops.cisco.com,automation_images/11.1-31.png
59,data-missing=1.1-32.png?1775178900180,recovered from workshops.cisco.com,automation_images/1.1-32.png
60,data-missing=1.1-33.png?1775179085734,recovered from workshops.cisco.com,automation_images/1.1-33.png
61,data-missing=1.1-34.png?1775179247752,recovered from workshops.cisco.com,automation_images/1.1-34.png
62,data-missing=1.1-35.png?1775179389206,recovered from workshops.cisco.com,automation_images/1.1-35.png
63,data-missing=1.1-36.png?1775179557704,recovered from workshops.cisco.com,automation_images/1.1-36.png
64,data-missing=1.1-37.png?1775179767634,recovered from workshops.cisco.com,automation_images/1.1-37.png
65,data-missing=1.1-38.png?1775179955738,recovered from workshops.cisco.com,automation_images/1.1-38.png
66,one_cisco_lab_images/1.1-39.png,recovered from workshops.cisco.com,automation_images/1.1-39.png
67,data-missing=1.1-40.png?1775180725121,recovered from workshops.cisco.com,automation_images/1.1-40.png
68,data-missing=1.1-41.png?1775180973516,recovered from workshops.cisco.com,automation_images/1.1-41.png
69,data-missing=1.1-42.png?1775181348898,recovered from workshops.cisco.com,automation_images/1.1-42.png
70,data-missing=1.1-43.png?1775181607030,recovered from workshops.cisco.com,automation_images/1.1-43.png
71,data-missing=1.1-44.png?1775181792239,recovered from workshops.cisco.com,automation_images/1.1-44.png
72,data-missing=1.1-45.png?1775181930834,recovered from workshops.cisco.com,automation_images/1.1-45.png
73,data-missing=1.1-46.png?1775182086099,recovered from workshops.cisco.com,automation_images/1.1-46.png
74,data-missing=1.1-47.png?1775182457261,recovered from workshops.cisco.com,automation_images/1.1-47.png
75,data-missing=1.1-48.png?1775182543264,recovered from workshops.cisco.com,automation_images/1.1-48.png
76,data-missing=1.1-49.png?1775182739165,recovered from workshops.cisco.com,automation_images/1.1-49.png
77,data-missing=1.1-50.png?1775182910976,recovered from workshops.cisco.com,automation_images/1.1-50.png
78,one_cisco_lab_images/1.1-51 (1).png,recovered from workshops.cisco.com,automation_images/1.1-51 (1).png
79,data-missing=1.1-52.png?1775183395029,recovered from workshops.cisco.com,automation_images/1.1-52.png
80,data-missing=1.1-53.png?1775183718735,recovered from workshops.cisco.com,automation_images/1.1-53.png
81,data-missing=1.1-54.png?1775183939942,recovered from workshops.cisco.com,automation_images/1.1-54.png
82,data-missing=1.1-55.png?1775184170780,recovered from workshops.cisco.com,automation_images/1.1-55.png
83,data-missing=1.1-56.png?1775184353009,recovered from workshops.cisco.com,automation_images/1.1-56.png
84,data-missing=1.1-57.png?1775184498368,recovered from workshops.cisco.com,automation_images/1.1-57.png
85,data-missing=1.1-58.png?1775184789282,recovered from workshops.cisco.com,automation_images/1.1-58.png
86,data-missing=1.1-59.png?1775185038085,recovered from workshops.cisco.com,automation_images/1.1-59.png
87,data-missing=1.1-60.png?1775185330542,recovered from workshops.cisco.com,automation_images/1.1-60.png
88,data-missing=1.1-61.png?1775185524550,recovered from workshops.cisco.com,automation_images/1.1-61.png
89,data-missing=1.1-62.png?1775185677125,recovered from workshops.cisco.com,automation_images/1.1-62.png
90,data-missing=1.1-63.png?1775185771457,recovered from workshops.cisco.com,automation_images/1.1-63.png
91,data-missing=1.1-64.png?1775185876511,recovered from workshops.cisco.com,automation_images/1.1-64.png
92,data-missing=1.1-65.png?1775251010073,recovered from workshops.cisco.com,automation_images/1.1-65.png
93,data-missing=1.1-66.png?1775251138579,recovered from workshops.cisco.com,automation_images/1.1-66.png
94,one_cisco_lab_images/1.1-67 (1).png,recovered from workshops.cisco.com,automation_images/1.1-67 (1).png
95,data-missing=1.1-68.png?1775251649007,recovered from workshops.cisco.com,automation_images/1.1-68.png
96,data-missing=1.1-69.png?1775252306651,recovered from workshops.cisco.com,automation_images/1.1-69.png
97,data-missing=1.1-70.png?1775252576928,recovered from workshops.cisco.com,automation_images/1.1-70.png
98,data-missing=1.1-71.png?1775253005381,recovered from workshops.cisco.com,automation_images/1.1-71.png
99,data-missing=1.1-72.png?1775253113476,recovered from workshops.cisco.com,automation_images/1.1-72.png
100,data-missing=1.1-73.png?1775253235441,recovered from workshops.cisco.com,automation_images/1.1-73.png
101,data-missing=1.1-74.png?1775253372810,recovered from workshops.cisco.com,automation_images/1.1-74.png
102,data-missing=1.1-75.png?1775253474623,recovered from workshops.cisco.com,automation_images/1.1-75.png
103,data-missing=Screenshot 2026-04-29 at 8.37.04 AM.png?1777469953443,recovered from workshops.cisco.com,automation_images/Screenshot 2026-04-29 at 8.37.04 AM.png
104,data-missing=1.1-76 (1).png?1775253983187,recovered from workshops.cisco.com,automation_images/1.1-76 (1).png
105,data-missing=Screenshot 2026-04-29 at 8.40.32 AM.png?1777470097530,recovered from workshops.cisco.com,automation_images/Screenshot 2026-04-29 at 8.40.32 AM.png
106,one_cisco_lab_images/1.1-77.png,recovered from workshops.cisco.com,automation_images/1.1-77.png
107,data-missing=1.1-78.png?1775254302042,recovered from workshops.cisco.com,automation_images/1.1-78.png
108,data-missing=1.1-79.png?1775254532258,recovered from workshops.cisco.com,automation_images/1.1-79.png
109,data-missing=1.1-80.png?1775254684694,recovered from workshops.cisco.com,automation_images/1.1-80.png
110,data-missing=1.1-90.png?1775313394415,recovered from workshops.cisco.com,automation_images/1.1-90.png
111,data-missing=1.1-91.png?1775341112079,recovered from workshops.cisco.com,automation_images/1.1-91.png
112,data-missing=1.1-92.png?1775341615849,recovered from workshops.cisco.com,automation_images/1.1-92.png
113,data-missing=1.1-93.png?1775342123988,recovered from workshops.cisco.com,automation_images/1.1-93.png
114,one_cisco_lab_images/Set-Trunk-Ports.png,recovered from workshops.cisco.com,automation_images/Set-Trunk-Ports.png
115,data-missing=1.1-95.png?1775342773430,recovered from workshops.cisco.com,automation_images/1.1-95.png
116,data-missing=1.1-96.png?1775342945395,recovered from workshops.cisco.com,automation_images/1.1-96.png
117,data-missing=1.1-97.png?1775343180232,recovered from workshops.cisco.com,automation_images/1.1-97.png
118,one_cisco_lab_images/Set-Trunk-Ports-SHOW.png,recovered from workshops.cisco.com,automation_images/Set-Trunk-Ports-SHOW.png
119,data-missing=show bgp l2vpn evpn summary.png?1776117258678,recovered from workshops.cisco.com,automation_images/show bgp l2vpn evpn summary.png
120,data-missing=show nve peers.png?1776117386508,recovered from workshops.cisco.com,automation_images/show nve peers.png
121,data-missing=1.4-1.png?1775422671306,recovered from workshops.cisco.com,automation_images/1.4-1.png
122,one_cisco_lab_images/1.4-2 (1).png,recovered from workshops.cisco.com,automation_images/1.4-2 (1).png
123,data-missing=1.4-3.png?1775423539532,recovered from workshops.cisco.com,automation_images/1.4-3.png
124,data-missing=1.4-4.png?1775423674008,recovered from workshops.cisco.com,automation_images/1.4-4.png
125,data-missing=1.4-5.png?1775423842570,recovered from workshops.cisco.com,automation_images/1.4-5.png
126,data-missing=1.4-6.png?1775424197424,recovered from workshops.cisco.com,automation_images/1.4-6.png
127,data-missing=1.4-7.png?1775424402160,recovered from workshops.cisco.com,automation_images/1.4-7.png
128,data-missing=1.4-8.png?1775424579636,recovered from workshops.cisco.com,automation_images/1.4-8.png
129,one_cisco_lab_images/1.4-9 (1).png,recovered from workshops.cisco.com,automation_images/1.4-9 (1).png
130,one_cisco_lab_images/Screenshot 2026-04-05 at 4.36.27_PM.png,recovered from workshops.cisco.com,automation_images/Screenshot 2026-04-05 at 4.36.27 PM.png
131,data-missing=1.4-10.png?1775425559861,recovered from workshops.cisco.com,automation_images/1.4-10.png
132,data-missing=1.4-11.png?1775425757114,recovered from workshops.cisco.com,automation_images/1.4-11.png
133,data-missing=1.4-12.png?1775426054318,recovered from workshops.cisco.com,automation_images/1.4-12.png
134,data-missing=1.4-13.png?1775426271139,recovered from workshops.cisco.com,automation_images/1.4-13.png
135,data-missing=1.4-15.png?1775427521951,recovered from workshops.cisco.com,automation_images/1.4-15.png
136,data-missing=1.4-16.png?1775427663467,recovered from workshops.cisco.com,automation_images/1.4-16.png
137,data-missing=1.14-17.png?1775427876142,recovered from workshops.cisco.com,automation_images/1.14-17.png
138,data-missing=1.4-18.png?1775428111564,recovered from workshops.cisco.com,automation_images/1.4-18.png
139,data-missing=1.4-19.png?1775428340505,recovered from workshops.cisco.com,automation_images/1.4-19.png
140,data-missing=1.4-19 (1).png?1775428479941,recovered from workshops.cisco.com,automation_images/1.4-19 (1).png
141,one_cisco_lab_images/image.png,recovered from workshops.cisco.com,automation_images/image-7584.png
142,data-missing=2.1-1.png?1775429146747,recovered from workshops.cisco.com,automation_images/2.1-1.png
143,data-missing=2.1-2.png?1775430140018,recovered from workshops.cisco.com,automation_images/2.1-2.png
144,data-missing=2.1-3.png?1775430509243,recovered from workshops.cisco.com,automation_images/2.1-3.png
145,data-missing=2.1-4.png?1775431346151,recovered from workshops.cisco.com,automation_images/2.1-4.png
146,data-missing=2.1-5.png?1775431751178,recovered from workshops.cisco.com,automation_images/2.1-5.png
147,one_cisco_lab_images/2026-07-22_09-13-41.png,recovered from workshops.cisco.com,automation_images/2026-07-22_09-13-41.png
148,one_cisco_lab_images/2026-07-22_09-14-49.png,recovered from workshops.cisco.com,automation_images/2026-07-22_09-14-49.png
149,one_cisco_lab_images/2026-07-22_09-03-40.png,recovered from workshops.cisco.com,automation_images/2026-07-22_09-03-40.png
150,one_cisco_lab_images/2026-07-22_10-37-42.png,recovered from workshops.cisco.com,automation_images/2026-07-22_10-37-42.png
151,one_cisco_lab_images/2026-07-22_10-49-32.png,recovered from workshops.cisco.com,automation_images/2026-07-22_10-49-32.png
152,one_cisco_lab_images/2026-04-28_22-11-17.png,recovered from workshops.cisco.com,automation_images/2026-04-28_22-11-17.png
153,one_cisco_lab_images/2026-04-28_22-15-31 (1).png,recovered from workshops.cisco.com,automation_images/2026-04-28_22-15-31 (1).png
154,data-missing=a3-md-report.png,NOT IN REFERENCE - screenshot needed,
155,data-missing=a3-evidence-html-report.png,NOT IN REFERENCE - screenshot needed,
156,data-missing=a4-composite-members.png,NOT IN REFERENCE - screenshot needed,
157,data-missing=a5-git-diff.png,NOT IN REFERENCE - screenshot needed,
158,data-missing=a5-catc-version-history.png,NOT IN REFERENCE - screenshot needed,
159,data-missing=a5-new-vlan-verified.png,NOT IN REFERENCE - screenshot needed,
160,data-missing=a6-wlc-wlan-summary.png,NOT IN REFERENCE - screenshot needed,
161,data-missing=3.1-1.png?1775479006567,recovered from workshops.cisco.com,automation_images/3.1-1.png
162,one_cisco_lab_images/3.1.2 (2).png,recovered from workshops.cisco.com,automation_images/3.1.2 (2).png
163,data-missing=3.1.3.png?1775481871681,recovered from workshops.cisco.com,automation_images/3.1.3.png
164,data-missing=3.1-4.png?1775502891816,recovered from workshops.cisco.com,automation_images/3.1-4.png
165,data-missing=3.1-5.png?1775503256936,recovered from workshops.cisco.com,automation_images/3.1-5.png
166,one_cisco_lab_images/new-ISE-Policy.png,recovered from workshops.cisco.com,automation_images/new-ISE-Policy.png
167,data-missing=3.1-4.png?1775502891816,recovered from workshops.cisco.com,automation_images/3.1-4.png
168,data-missing=3.1-11.png?1775513807068,recovered from workshops.cisco.com,automation_images/3.1-11.png
169,data-missing=3.1-12.png?1775514329928,recovered from workshops.cisco.com,automation_images/3.1-12.png
170,one_cisco_lab_images/3.1-8.png,recovered from workshops.cisco.com,automation_images/3.1-8.png
171,data-missing=3.1-10.png?1775512533752,recovered from workshops.cisco.com,automation_images/3.1-10.png
172,data-missing=3.1-9.png?1775512444088,recovered from workshops.cisco.com,automation_images/3.1-9.png
173,one_cisco_lab_images/3.1-13.png,recovered from workshops.cisco.com,automation_images/3.1-13.png
174,data-missing=3.1-14.png?1775515926902,recovered from workshops.cisco.com,automation_images/3.1-14.png
175,one_cisco_lab_images/3.1-15.png,recovered from workshops.cisco.com,automation_images/3.1-15.png
176,data-missing=3.1-16.png?1775520129623,recovered from workshops.cisco.com,automation_images/3.1-16.png
177,data-missing=3.2-1.png?1775525713481,recovered from workshops.cisco.com,automation_images/3.2-1.png
178,data-missing=3.2-2.png?1775526335483,recovered from workshops.cisco.com,automation_images/3.2-2.png
179,one_cisco_lab_images/3.2-3 (1).png,recovered from workshops.cisco.com,automation_images/3.2-3 (1).png
180,data-missing=3.2-4.png?1775527545011,recovered from workshops.cisco.com,automation_images/3.2-4.png
181,data-missing=3.2-5.png?1775527988486,recovered from workshops.cisco.com,automation_images/3.2-5.png
182,data-missing=3.2-7.png?1775528612206,recovered from workshops.cisco.com,automation_images/3.2-7.png
183,data-missing=3.2-8.png?1775529620578,recovered from workshops.cisco.com,automation_images/3.2-8.png
184,data-missing=4.1 -1 SGT.png?1773410350716,recovered from workshops.cisco.com,automation_images/4.1 -1 SGT.png
185,one_cisco_lab_images/4.1 - 2 SGT.png,recovered from workshops.cisco.com,automation_images/4.1 - 2 SGT.png
186,one_cisco_lab_images/4.1 - 3 SGT.png,recovered from workshops.cisco.com,automation_images/4.1 - 3 SGT.png
187,one_cisco_lab_images/4.1 - 4 SGT.png,recovered from workshops.cisco.com,automation_images/4.1 - 4 SGT.png
188,data-missing=4.1 - 5 SGT.png?1773424192160,recovered from workshops.cisco.com,automation_images/4.1 - 5 SGT.png
189,data-missing=4.1 - 6 SGT.png?1773424343347,recovered from workshops.cisco.com,automation_images/4.1 - 6 SGT.png
190,data-missing=4.1 - 7 SGT.png?1773424550160,recovered from workshops.cisco.com,automation_images/4.1 - 7 SGT.png
191,data-missing=4.1 - 8 SGT.png?1773424615520,recovered from workshops.cisco.com,automation_images/4.1 - 8 SGT.png
192,data-missing=4.2 - 2 ISE.png?1773428030677,recovered from workshops.cisco.com,automation_images/4.2 - 2 ISE.png
193,data-missing=4.2 - 3 ISE.png?1773428219149,recovered from workshops.cisco.com,automation_images/4.2 - 3 ISE.png
194,data-missing=4.2 - 4 ISE.png?1773428885843,recovered from workshops.cisco.com,automation_images/4.2 - 4 ISE.png
195,data-missing=4.2 - 5 ISE.png?1773429277425,recovered from workshops.cisco.com,automation_images/4.2 - 5 ISE.png
196,data-missing=4.2 - 6 ISE.png?1773429581998,recovered from workshops.cisco.com,automation_images/4.2 - 6 ISE.png
197,data-missing=4.2 - 7 ISE.png?1773429765570,recovered from workshops.cisco.com,automation_images/4.2 - 7 ISE.png
198,data-missing=4.3 - 1 SCC.png?1773430431260,recovered from workshops.cisco.com,automation_images/4.3 - 1 SCC.png
199,data-missing=4.3 - 2 SCC.png?1773430620144,recovered from workshops.cisco.com,automation_images/4.3 - 2 SCC.png
200,data-missing=4.3 - 3 SCC.png?1773430863317,recovered from workshops.cisco.com,automation_images/4.3 - 3 SCC.png
201,one_cisco_lab_images/activate.png,recovered from workshops.cisco.com,automation_images/activate.png
202,one_cisco_lab_images/2026-07-22_15-26-27.png,recovered from workshops.cisco.com,automation_images/2026-07-22_15-26-27.png
203,one_cisco_lab_images/4.3 - 5 SCC.png,recovered from workshops.cisco.com,automation_images/4.3 - 5 SCC.png
204,one_cisco_lab_images/2026-07-22_15-27-54.png,recovered from workshops.cisco.com,automation_images/2026-07-22_15-27-54.png
205,one_cisco_lab_images/2026-07-22_15-28-15.png,recovered from workshops.cisco.com,automation_images/2026-07-22_15-28-15.png
206,one_cisco_lab_images/2026-07-22_15-28-35.png,recovered from workshops.cisco.com,automation_images/2026-07-22_15-28-35.png
207,one_cisco_lab_images/4.3 - 8 SCC.png,recovered from workshops.cisco.com,automation_images/4.3 - 8 SCC.png
208,one_cisco_lab_images/2026-07-22_15-54-11.png,recovered from workshops.cisco.com,automation_images/2026-07-22_15-54-11.png
209,one_cisco_lab_images/Screenshot 2026-04-22 at 12.51.20_PM.png,recovered from workshops.cisco.com,automation_images/Screenshot 2026-04-22 at 12.51.20 PM.png
210,data-missing=4.3 - 10 SCC.png?1773435776045,recovered from workshops.cisco.com,automation_images/4.3 - 10 SCC.png
211,data-missing=image.png?1776879845421,recovered from workshops.cisco.com,automation_images/image-7851.png
212,data-missing=4.4 - 1 FMC.png?1773437116364,recovered from workshops.cisco.com,automation_images/4.4 - 1 FMC.png
213,data-missing=4.4 - 2 FMC.png?1773437278705,recovered from workshops.cisco.com,automation_images/4.4 - 2 FMC.png
214,one_cisco_lab_images/pop-up.png,recovered from workshops.cisco.com,automation_images/pop-up.png
215,data-missing=4.4 - 5 FMC.png?1773438327390,recovered from workshops.cisco.com,automation_images/4.4 - 5 FMC.png
216,data-missing=4.4 - 4 FMC.png?1773438084883,recovered from workshops.cisco.com,automation_images/4.4 - 4 FMC.png
217,one_cisco_lab_images/4.4-1-4.png,recovered from workshops.cisco.com,automation_images/4.4-1-4.png
218,one_cisco_lab_images/4.4 - 6 FMC.png,recovered from workshops.cisco.com,automation_images/4.4 - 6 FMC.png
219,data-missing=4.4-1-2.png?1776651843331,recovered from workshops.cisco.com,automation_images/4.4-1-2.png
220,data-missing=4.4-1-3.png?1776651786430,recovered from workshops.cisco.com,automation_images/4.4-1-3.png
221,data-missing=4.4-1-5.png?1776652290866,recovered from workshops.cisco.com,automation_images/4.4-1-5.png
222,data-missing=4.4-1-6.png?1776652653457,recovered from workshops.cisco.com,automation_images/4.4-1-6.png
223,data-missing=4.4-1-7.png?1776653102623,recovered from workshops.cisco.com,automation_images/4.4-1-7.png
224,one_cisco_lab_images/5.1-1.png,recovered from workshops.cisco.com,automation_images/5.1-1.png
225,data-missing=5.1-2.png?1775578792368,recovered from workshops.cisco.com,automation_images/5.1-2.png
226,data-missing=5.1-3.png?1775578953329,recovered from workshops.cisco.com,automation_images/5.1-3.png
227,data-missing=5.1-4.png?1775579328948,recovered from workshops.cisco.com,automation_images/5.1-4.png
228,data-missing=5.1-5.png?1775580111506,recovered from workshops.cisco.com,automation_images/5.1-5.png
229,data-missing=5.1-6.png?1775580343868,recovered from workshops.cisco.com,automation_images/5.1-6.png
230,data-missing=5.1-7.png?1775585424243,recovered from workshops.cisco.com,automation_images/5.1-7.png
231,data-missing=5.1-8.png?1775585600155,recovered from workshops.cisco.com,automation_images/5.1-8.png
232,data-missing=5.1-9.png?1775586554055,recovered from workshops.cisco.com,automation_images/5.1-9.png
233,data-missing=5.1-10.png?1775587217399,recovered from workshops.cisco.com,automation_images/5.1-10.png
234,data-missing=5.1-11.png?1775587479670,recovered from workshops.cisco.com,automation_images/5.1-11.png
235,data-missing=5.1-12.png?1775589641497,recovered from workshops.cisco.com,automation_images/5.1-12.png
236,data-missing=5.1-13.png?1775589918801,recovered from workshops.cisco.com,automation_images/5.1-13.png
237,data-missing=5.1-14.png?1775610163038,recovered from workshops.cisco.com,automation_images/5.1-14.png
238,data-missing=Screenshot 2026-04-22 at 1.40.42 PM.png?1776883318005,recovered from workshops.cisco.com,automation_images/Screenshot 2026-04-22 at 1.40.42 PM.png
239,data-missing=5.1-19.png?1775614175597,recovered from workshops.cisco.com,automation_images/5.1-19.png
240,one_cisco_lab_images/5.1-18.png,recovered from workshops.cisco.com,automation_images/5.1-18.png
241,data-missing=5.1-20.png?1775614571974,recovered from workshops.cisco.com,automation_images/5.1-20.png
242,one_cisco_lab_images/ipsec-2 (1).png,recovered from workshops.cisco.com,automation_images/ipsec-2 (1).png
243,data-missing=5.1-22.png?1775614886817,recovered from workshops.cisco.com,automation_images/5.1-22.png
244,one_cisco_lab_images/5.1-23.png,recovered from workshops.cisco.com,automation_images/5.1-23.png
245,data-missing=5.1-24.png?1775615570716,recovered from workshops.cisco.com,automation_images/5.1-24.png
246,data-missing=5.1-25.png?1775616107838,recovered from workshops.cisco.com,automation_images/5.1-25.png
247,data-missing=5.1-26.png?1775616622615,recovered from workshops.cisco.com,automation_images/5.1-26.png
248,data-missing=5.1-28.png?1775617195860,recovered from workshops.cisco.com,automation_images/5.1-28.png
249,data-missing=5.1-27.png?1775617093845,recovered from workshops.cisco.com,automation_images/5.1-27.png
250,data-missing=5.1-29.png?1775617410557,recovered from workshops.cisco.com,automation_images/5.1-29.png
251,data-missing=5.1-30.png?1775617586961,recovered from workshops.cisco.com,automation_images/5.1-30.png
252,data-missing=5.1-31.png?1775617815486,recovered from workshops.cisco.com,automation_images/5.1-31.png
253,data-missing=5.1-32.png?1775617948469,recovered from workshops.cisco.com,automation_images/5.1-32.png
254,data-missing=5.1-33.png?1775618241671,recovered from workshops.cisco.com,automation_images/5.1-33.png
255,data-missing=5.1-34.png?1775618450937,recovered from workshops.cisco.com,automation_images/5.1-34.png
256,data-missing=5.1-35.png?1775618625025,recovered from workshops.cisco.com,automation_images/5.1-35.png
257,data-missing=5.1-36.png?1775618883017,recovered from workshops.cisco.com,automation_images/5.1-36.png
258,data-missing=5.1-37.png?1775654068070,recovered from workshops.cisco.com,automation_images/5.1-37.png
259,one_cisco_lab_images/Screenshot 2026-03-09 at 3.12.18_PM.png,recovered from workshops.cisco.com,automation_images/Screenshot 2026-03-09 at 3.12.18 PM.png
260,one_cisco_lab_images/2026-04-29_15-44-15.png,recovered from workshops.cisco.com,automation_images/2026-04-29_15-44-15.png
261,one_cisco_lab_images/2026-04-09_16-13-56.png,recovered from workshops.cisco.com,automation_images/2026-04-09_16-13-56.png
262,one_cisco_lab_images/2026-04-08_12-26-03.png,recovered from workshops.cisco.com,automation_images/2026-04-08_12-26-03.png
263,one_cisco_lab_images/2026-04-08_12-33-02.png,recovered from workshops.cisco.com,automation_images/2026-04-08_12-33-02.png
264,one_cisco_lab_images/2026-04-08_12-35-01.png,recovered from workshops.cisco.com,automation_images/2026-04-08_12-35-01.png
265,one_cisco_lab_images/2026-04-08_12-35-24.png,recovered from workshops.cisco.com,automation_images/2026-04-08_12-35-24.png
266,one_cisco_lab_images/2026-04-09_11-57-00.png,recovered from workshops.cisco.com,automation_images/2026-04-09_11-57-00.png
267,one_cisco_lab_images/2026-04-09_12-16-48.png,recovered from workshops.cisco.com,automation_images/2026-04-09_12-16-48.png
268,one_cisco_lab_images/2026-04-09_12-19-11.png,recovered from workshops.cisco.com,automation_images/2026-04-09_12-19-11.png
269,one_cisco_lab_images/2026-04-09_12-24-50 (1).png,recovered from workshops.cisco.com,automation_images/2026-04-09_12-24-50 (1).png
270,one_cisco_lab_images/2026-04-09_12-27-39.png,recovered from workshops.cisco.com,automation_images/2026-04-09_12-27-39.png
271,one_cisco_lab_images/2026-04-29_20-41-26.png,recovered from workshops.cisco.com,automation_images/2026-04-29_20-41-26.png
272,one_cisco_lab_images/2026-04-08_12-35-24 (1).png,recovered from workshops.cisco.com,automation_images/2026-04-08_12-35-24 (1).png
273,one_cisco_lab_images/2026-04-22_19-52-42 (1).png,recovered from workshops.cisco.com,automation_images/2026-04-22_19-52-42 (1).png
274,one_cisco_lab_images/2026-04-09_13-12-45 (1).png,recovered from workshops.cisco.com,automation_images/2026-04-09_13-12-45 (1).png
275,one_cisco_lab_images/2026-04-09_13-20-41 (1).png,recovered from workshops.cisco.com,automation_images/2026-04-09_13-20-41 (1).png
276,one_cisco_lab_images/2026-04-08_12-35-241.png,recovered from workshops.cisco.com,automation_images/2026-04-08_12-35-241.png
277,one_cisco_lab_images/2026-04-29_20-48-06.png,recovered from workshops.cisco.com,automation_images/2026-04-29_20-48-06.png
278,one_cisco_lab_images/2026-04-29_20-48-54.png,recovered from workshops.cisco.com,automation_images/2026-04-29_20-48-54.png
279,one_cisco_lab_images/2026-04-22_20-16-45.png,recovered from workshops.cisco.com,automation_images/2026-04-22_20-16-45.png
280,one_cisco_lab_images/2026-04-22_20-25-31.png,recovered from workshops.cisco.com,automation_images/2026-04-22_20-25-31.png
281,one_cisco_lab_images/2026-04-22_20-29-29.png,recovered from workshops.cisco.com,automation_images/2026-04-22_20-29-29.png
282,one_cisco_lab_images/2026-04-22_20-33-45.png,recovered from workshops.cisco.com,automation_images/2026-04-22_20-33-45.png
283,one_cisco_lab_images/2026-04-22_20-37-59.png,recovered from workshops.cisco.com,automation_images/2026-04-22_20-37-59.png
284,one_cisco_lab_images/2026-04-09_13-54-24.png,recovered from workshops.cisco.com,automation_images/2026-04-09_13-54-24.png
285,one_cisco_lab_images/2026-04-09_13-54-46.png,recovered from workshops.cisco.com,automation_images/2026-04-09_13-54-46.png
286,one_cisco_lab_images/2026-04-09_15-17-53.png,recovered from workshops.cisco.com,automation_images/2026-04-09_15-17-53.png
287,one_cisco_lab_images/2026-04-09_15-17-531.png,recovered from workshops.cisco.com,automation_images/2026-04-09_15-17-531.png
288,one_cisco_lab_images/2026-04-29_21-28-50.png,recovered from workshops.cisco.com,automation_images/2026-04-29_21-28-50.png
289,one_cisco_lab_images/2026-04-29_21-32-11 (1).png,recovered from workshops.cisco.com,automation_images/2026-04-29_21-32-11 (1).png
290,one_cisco_lab_images/Screenshot 2026-04-29 at 8.07.42_PM (1).png,recovered from workshops.cisco.com,automation_images/Screenshot 2026-04-29 at 8.07.42 PM (1).png
291,one_cisco_lab_images/2026-04-06_17-42-29.png,recovered from workshops.cisco.com,automation_images/2026-04-06_17-42-29.png
292,one_cisco_lab_images/2026-04-06_17-54-42.png,recovered from workshops.cisco.com,automation_images/2026-04-06_17-54-42.png
293,one_cisco_lab_images/2026-04-06_17-59-20 (1).png,recovered from workshops.cisco.com,automation_images/2026-04-06_17-59-20 (1).png
294,one_cisco_lab_images/2026-04-06_18-08-03.png,recovered from workshops.cisco.com,automation_images/2026-04-06_18-08-03.png
295,one_cisco_lab_images/2026-04-03_20-44-40.png,recovered from workshops.cisco.com,automation_images/2026-04-03_20-44-40.png
296,one_cisco_lab_images/2026-04-06_18-12-38.png,recovered from workshops.cisco.com,automation_images/2026-04-06_18-12-38.png
297,one_cisco_lab_images/2026-04-06_20-02-08.png,recovered from workshops.cisco.com,automation_images/2026-04-06_20-02-08.png
298,one_cisco_lab_images/2026-04-06_20-15-29.png,recovered from workshops.cisco.com,automation_images/2026-04-06_20-15-29.png
299,one_cisco_lab_images/2026-04-06_20-48-20 (1).png,recovered from workshops.cisco.com,automation_images/2026-04-06_20-48-20 (1).png
300,one_cisco_lab_images/2026-04-06_20-33-38.png,recovered from workshops.cisco.com,automation_images/2026-04-06_20-33-38.png
301,one_cisco_lab_images/2026-07-22_12-53-43.png,recovered from workshops.cisco.com,automation_images/2026-07-22_12-53-43.png
302,one_cisco_lab_images/2026-07-22_12-55-18.png,recovered from workshops.cisco.com,automation_images/2026-07-22_12-55-18.png
303,one_cisco_lab_images/2026-07-22_12-56-21.png,recovered from workshops.cisco.com,automation_images/2026-07-22_12-56-21.png
304,one_cisco_lab_images/2026-04-06_21-21-06.png,recovered from workshops.cisco.com,automation_images/2026-04-06_21-21-06.png
305,one_cisco_lab_images/2026-04-06_21-23-38.png,recovered from workshops.cisco.com,automation_images/2026-04-06_21-23-38.png
306,one_cisco_lab_images/2026-04-06_21-24-50.png,recovered from workshops.cisco.com,automation_images/2026-04-06_21-24-50.png
307,one_cisco_lab_images/2026-04-06_21-41-54.png,recovered from workshops.cisco.com,automation_images/2026-04-06_21-41-54.png
308,one_cisco_lab_images/2026-07-22_13-24-36.png,recovered from workshops.cisco.com,automation_images/2026-07-22_13-24-36.png
309,one_cisco_lab_images/2026-04-06_21-45-49.png,recovered from workshops.cisco.com,automation_images/2026-04-06_21-45-49.png
310,one_cisco_lab_images/2026-04-06_21-47-59.png,recovered from workshops.cisco.com,automation_images/2026-04-06_21-47-59.png
311,one_cisco_lab_images/2026-04-06_21-51-22.png,recovered from workshops.cisco.com,automation_images/2026-04-06_21-51-22.png
312,one_cisco_lab_images/2026-04-06_21-56-15 (1).png,recovered from workshops.cisco.com,automation_images/2026-04-06_21-56-15 (1).png
313,one_cisco_lab_images/2026-04-06_22-08-29.png,recovered from workshops.cisco.com,automation_images/2026-04-06_22-08-29.png
314,one_cisco_lab_images/2026-04-06_22-15-28 (1).png,recovered from workshops.cisco.com,automation_images/2026-04-06_22-15-28 (1).png
315,one_cisco_lab_images/2026-04-06_22-23-28.png,recovered from workshops.cisco.com,automation_images/2026-04-06_22-23-28.png
316,one_cisco_lab_images/2026-04-06_22-29-35.png,recovered from workshops.cisco.com,automation_images/2026-04-06_22-29-35.png
317,one_cisco_lab_images/2026-04-06_22-30-56.png,recovered from workshops.cisco.com,automation_images/2026-04-06_22-30-56.png
318,one_cisco_lab_images/2026-04-06_22-37-08 (1).png,recovered from workshops.cisco.com,automation_images/2026-04-06_22-37-08 (1).png
319,one_cisco_lab_images/2026-04-06_22-40-06.png,recovered from workshops.cisco.com,automation_images/2026-04-06_22-40-06.png
320,one_cisco_lab_images/2026-04-06_22-42-26.png,recovered from workshops.cisco.com,automation_images/2026-04-06_22-42-26.png
321,one_cisco_lab_images/2026-04-06_22-50-03 (1).png,recovered from workshops.cisco.com,automation_images/2026-04-06_22-50-03 (1).png
322,one_cisco_lab_images/2026-04-06_22-57-50.png,recovered from workshops.cisco.com,automation_images/2026-04-06_22-57-50.png
323,one_cisco_lab_images/2026-04-06_23-00-39.png,recovered from workshops.cisco.com,automation_images/2026-04-06_23-00-39.png
324,one_cisco_lab_images/2026-04-06_23-03-21.png,recovered from workshops.cisco.com,automation_images/2026-04-06_23-03-21.png
325,one_cisco_lab_images/2026-04-06_23-06-31.png,recovered from workshops.cisco.com,automation_images/2026-04-06_23-06-31.png
326,one_cisco_lab_images/2026-04-06_23-07-58.png,recovered from workshops.cisco.com,automation_images/2026-04-06_23-07-58.png
327,one_cisco_lab_images/2026-04-06_23-10-34.png,recovered from workshops.cisco.com,automation_images/2026-04-06_23-10-34.png
328,one_cisco_lab_images/2026-04-06_23-18-19.png,recovered from workshops.cisco.com,automation_images/2026-04-06_23-18-19.png
329,one_cisco_lab_images/2026-04-06_23-22-08.png,recovered from workshops.cisco.com,automation_images/2026-04-06_23-22-08.png
330,one_cisco_lab_images/2026-04-07_10-50-00.png,recovered from workshops.cisco.com,automation_images/2026-04-07_10-50-00.png
331,one_cisco_lab_images/2026-04-07_10-52-48.png,recovered from workshops.cisco.com,automation_images/2026-04-07_10-52-48.png
332,one_cisco_lab_images/2026-04-07_10-53-56.png,recovered from workshops.cisco.com,automation_images/2026-04-07_10-53-56.png
333,one_cisco_lab_images/2026-04-07_11-08-06.png,recovered from workshops.cisco.com,automation_images/2026-04-07_11-08-06.png
334,one_cisco_lab_images/2026-04-21_22-17-14 (1).png,recovered from workshops.cisco.com,automation_images/2026-04-21_22-17-14 (1).png
335,one_cisco_lab_images/2026-04-07_11-19-40.png,recovered from workshops.cisco.com,automation_images/2026-04-07_11-19-40.png
336,one_cisco_lab_images/2026-04-07_11-20-25.png,recovered from workshops.cisco.com,automation_images/2026-04-07_11-20-25.png
337,one_cisco_lab_images/2026-04-07_11-28-20.png,recovered from workshops.cisco.com,automation_images/2026-04-07_11-28-20.png
338,one_cisco_lab_images/2026-04-07_11-30-40.png,recovered from workshops.cisco.com,automation_images/2026-04-07_11-30-40.png
339,one_cisco_lab_images/2026-04-07_11-33-09.png,recovered from workshops.cisco.com,automation_images/2026-04-07_11-33-09.png
340,one_cisco_lab_images/2026-04-07_11-38-01.png,recovered from workshops.cisco.com,automation_images/2026-04-07_11-38-01.png
341,one_cisco_lab_images/2026-04-07_11-41-44.png,recovered from workshops.cisco.com,automation_images/2026-04-07_11-41-44.png
342,one_cisco_lab_images/2026-04-07_11-44-51.png,recovered from workshops.cisco.com,automation_images/2026-04-07_11-44-51.png
343,one_cisco_lab_images/2026-04-07_11-47-22.png,recovered from workshops.cisco.com,automation_images/2026-04-07_11-47-22.png
344,one_cisco_lab_images/2026-04-07_11-47-55.png,recovered from workshops.cisco.com,automation_images/2026-04-07_11-47-55.png
345,one_cisco_lab_images/DUO-SSO-1.png,recovered from workshops.cisco.com,automation_images/DUO-SSO-1.png
346,one_cisco_lab_images/DUO-SSO-3.png,recovered from workshops.cisco.com,automation_images/DUO-SSO-3.png
347,one_cisco_lab_images/DUO-SSO-2.png,recovered from workshops.cisco.com,automation_images/DUO-SSO-2.png
348,one_cisco_lab_images/2026-04-07_12-29-15.png,recovered from workshops.cisco.com,automation_images/2026-04-07_12-29-15.png
349,one_cisco_lab_images/2026-04-07_13-16-09.png,recovered from workshops.cisco.com,automation_images/2026-04-07_13-16-09.png
350,one_cisco_lab_images/2026-04-07_13-19-30.png,recovered from workshops.cisco.com,automation_images/2026-04-07_13-19-30.png
351,one_cisco_lab_images/2026-04-07_13-23-03.png,recovered from workshops.cisco.com,automation_images/2026-04-07_13-23-03.png
352,one_cisco_lab_images/2026-04-07_13-27-10.png,recovered from workshops.cisco.com,automation_images/2026-04-07_13-27-10.png
353,one_cisco_lab_images/2026-04-07_13-30-24.png,recovered from workshops.cisco.com,automation_images/2026-04-07_13-30-24.png
354,one_cisco_lab_images/2026-04-07_13-35-52.png,recovered from workshops.cisco.com,automation_images/2026-04-07_13-35-52.png
355,one_cisco_lab_images/2026-04-07_13-57-17.png,recovered from workshops.cisco.com,automation_images/2026-04-07_13-57-17.png
356,one_cisco_lab_images/2026-04-07_14-41-26.png,recovered from workshops.cisco.com,automation_images/2026-04-07_14-41-26.png
357,one_cisco_lab_images/2026-04-07_14-55-28.png,recovered from workshops.cisco.com,automation_images/2026-04-07_14-55-28.png
358,one_cisco_lab_images/2026-07-02_13-51-37 (2).png,recovered from workshops.cisco.com,automation_images/2026-07-02_13-51-37 (2).png
359,one_cisco_lab_images/2026-04-07_15-21-34.png,recovered from workshops.cisco.com,automation_images/2026-04-07_15-21-34.png
360,one_cisco_lab_images/2026-04-07_20-36-49.png,recovered from workshops.cisco.com,automation_images/2026-04-07_20-36-49.png
361,one_cisco_lab_images/2026-04-07_20-45-41.png,recovered from workshops.cisco.com,automation_images/2026-04-07_20-45-41.png
362,one_cisco_lab_images/2026-07-22_14-24-50.png,recovered from workshops.cisco.com,automation_images/2026-07-22_14-24-50.png
363,one_cisco_lab_images/2026-04-07_20-50-32.png,recovered from workshops.cisco.com,automation_images/2026-04-07_20-50-32.png
364,one_cisco_lab_images/2026-04-07_20-53-42.png,recovered from workshops.cisco.com,automation_images/2026-04-07_20-53-42.png
365,one_cisco_lab_images/2026-04-07_20-58-47.png,recovered from workshops.cisco.com,automation_images/2026-04-07_20-58-47.png
366,one_cisco_lab_images/2026-07-16_16-41-43.png,recovered from workshops.cisco.com,automation_images/2026-07-16_16-41-43.png
367,one_cisco_lab_images/2026-04-07_21-03-56.png,recovered from workshops.cisco.com,automation_images/2026-04-07_21-03-56.png
368,one_cisco_lab_images/2026-04-07_21-09-11.png,recovered from workshops.cisco.com,automation_images/2026-04-07_21-09-11.png
369,one_cisco_lab_images/2026-04-07_21-10-54.png,recovered from workshops.cisco.com,automation_images/2026-04-07_21-10-54.png
370,one_cisco_lab_images/2026-04-10_12-44-32.png,recovered from workshops.cisco.com,automation_images/2026-04-10_12-44-32.png
371,one_cisco_lab_images/2026-04-10_12-46-22.png,recovered from workshops.cisco.com,automation_images/2026-04-10_12-46-22.png
372,one_cisco_lab_images/2026-04-10_12-49-31.png,recovered from workshops.cisco.com,automation_images/2026-04-10_12-49-31.png
373,one_cisco_lab_images/2026-04-10_12-56-27.png,recovered from workshops.cisco.com,automation_images/2026-04-10_12-56-27.png
374,one_cisco_lab_images/2026-04-10_12-57-41.png,recovered from workshops.cisco.com,automation_images/2026-04-10_12-57-41.png
375,one_cisco_lab_images/2026-04-10_13-14-46.png,recovered from workshops.cisco.com,automation_images/2026-04-10_13-14-46.png
376,one_cisco_lab_images/2026-04-10_13-23-38.png,recovered from workshops.cisco.com,automation_images/2026-04-10_13-23-38.png
377,one_cisco_lab_images/2026-04-10_13-27-05.png,recovered from workshops.cisco.com,automation_images/2026-04-10_13-27-05.png
378,one_cisco_lab_images/2026-04-10_13-33-40.png,recovered from workshops.cisco.com,automation_images/2026-04-10_13-33-40.png
379,one_cisco_lab_images/2026-04-10_13-32-12.png,recovered from workshops.cisco.com,automation_images/2026-04-10_13-32-12.png
380,one_cisco_lab_images/2026-04-10_13-32-25.png,recovered from workshops.cisco.com,automation_images/2026-04-10_13-32-25.png
381,one_cisco_lab_images/2026-04-10_13-53-56.png,recovered from workshops.cisco.com,automation_images/2026-04-10_13-53-56.png
382,one_cisco_lab_images/2026-04-10_13-57-20.png,recovered from workshops.cisco.com,automation_images/2026-04-10_13-57-20.png
383,one_cisco_lab_images/2026-04-10_14-10-21.png,recovered from workshops.cisco.com,automation_images/2026-04-10_14-10-21.png
384,one_cisco_lab_images/2026-04-10_14-06-28 (1).png,recovered from workshops.cisco.com,automation_images/2026-04-10_14-06-28 (1).png
385,one_cisco_lab_images/2026-05-01_10-56-17.png,recovered from workshops.cisco.com,automation_images/2026-05-01_10-56-17.png
386,one_cisco_lab_images/2026-04-12_16-33-14.png,recovered from workshops.cisco.com,automation_images/2026-04-12_16-33-14.png
387,one_cisco_lab_images/2026-04-12_15-49-15.png,recovered from workshops.cisco.com,automation_images/2026-04-12_15-49-15.png
388,one_cisco_lab_images/2026-04-12_16-41-50.png,recovered from workshops.cisco.com,automation_images/2026-04-12_16-41-50.png
389,one_cisco_lab_images/2026-04-12_16-46-08.png,recovered from workshops.cisco.com,automation_images/2026-04-12_16-46-08.png
390,one_cisco_lab_images/2026-04-11_09-19-44.png,recovered from workshops.cisco.com,automation_images/2026-04-11_09-19-44.png
391,one_cisco_lab_images/2026-04-11_09-43-36.png,recovered from workshops.cisco.com,automation_images/2026-04-11_09-43-36.png
392,https://ciscosecurityworkshop.com/workshops/pluginfile.php/48982/mod_lesson/page_contents/4305/image.png,BROKEN IN REFERENCE TOO - external link unchanged,
393,one_cisco_lab_images/2026-04-11_09-45-05.png,recovered from workshops.cisco.com,automation_images/2026-04-11_09-45-05.png
394,https://ciscosecurityworkshop.com/workshops/pluginfile.php/48982/mod_lesson/page_contents/4305/image%20%282%29.png,BROKEN IN REFERENCE TOO - external link unchanged,
395,one_cisco_lab_images/2026-04-11_09-58-57 (1).png,recovered from workshops.cisco.com,automation_images/2026-04-11_09-58-57 (1).png
396,one_cisco_lab_images/2026-04-12_16-54-59.png,recovered from workshops.cisco.com,automation_images/2026-04-12_16-54-59.png
397,one_cisco_lab_images/2026-04-11_10-06-52.png,recovered from workshops.cisco.com,automation_images/2026-04-11_10-06-52.png
398,https://ciscosecurityworkshop.com/workshops/pluginfile.php/48982/mod_lesson/page_contents/4305/image%20%283%29.png,BROKEN IN REFERENCE TOO - external link unchanged,
399,one_cisco_lab_images/2026-04-11_11-25-10.png,recovered from workshops.cisco.com,automation_images/2026-04-11_11-25-10.png
400,one_cisco_lab_images/2026-04-11_11-55-45 (1).png,recovered from workshops.cisco.com,automation_images/2026-04-11_11-55-45 (1).png
401,one_cisco_lab_images/2026-04-11_11-59-18.png,recovered from workshops.cisco.com,automation_images/2026-04-11_11-59-18.png
402,one_cisco_lab_images/2026-04-11_12-06-15.png,recovered from workshops.cisco.com,automation_images/2026-04-11_12-06-15.png
403,one_cisco_lab_images/2026-04-11_12-18-47.png,recovered from workshops.cisco.com,automation_images/2026-04-11_12-18-47.png
404,one_cisco_lab_images/2026-04-11_10-19-12.png,recovered from workshops.cisco.com,automation_images/2026-04-11_10-19-12.png
405,one_cisco_lab_images/2026-04-11_10-20-47.png,recovered from workshops.cisco.com,automation_images/2026-04-11_10-20-47.png
406,https://ciscosecurityworkshop.com/workshops/pluginfile.php/48982/mod_lesson/page_contents/4305/image%20%285%29.png,BROKEN IN REFERENCE TOO - external link unchanged,
407,one_cisco_lab_images/2026-04-23_20-33-59.png,recovered from workshops.cisco.com,automation_images/2026-04-23_20-33-59.png
408,one_cisco_lab_images/2026-04-23_16-09-48 (2).png,recovered from workshops.cisco.com,automation_images/2026-04-23_16-09-48 (2).png
409,one_cisco_lab_images/2026-04-23_16-10-49.png,recovered from workshops.cisco.com,automation_images/2026-04-23_16-10-49.png
410,one_cisco_lab_images/2026-04-23_16-12-45.png,recovered from workshops.cisco.com,automation_images/2026-04-23_16-12-45.png
411,one_cisco_lab_images/2026-04-11_21-11-23.png,recovered from workshops.cisco.com,automation_images/2026-04-11_21-11-23.png
412,https://ciscosecurityworkshop.com/workshops/brokenfile.php#/11760/user/draft/258781659/image.png,BROKEN IN REFERENCE TOO - external link unchanged,
413,one_cisco_lab_images/2026-04-11_21-15-52.png,recovered from workshops.cisco.com,automation_images/2026-04-11_21-15-52.png
414,https://ciscosecurityworkshop.com/workshops/brokenfile.php#/11760/user/draft/258781659/image%20%282%29.png,BROKEN IN REFERENCE TOO - external link unchanged,
415,one_cisco_lab_images/2026-04-11_21-21-58.png,recovered from workshops.cisco.com,automation_images/2026-04-11_21-21-58.png
416,one_cisco_lab_images/2026-04-11_21-25-11.png,recovered from workshops.cisco.com,automation_images/2026-04-11_21-25-11.png
417,one_cisco_lab_images/2026-04-11_21-26-56 (1).png,recovered from workshops.cisco.com,automation_images/2026-04-11_21-26-56 (1).png
418,one_cisco_lab_images/2026-04-11_21-28-55.png,recovered from workshops.cisco.com,automation_images/2026-04-11_21-28-55.png
419,one_cisco_lab_images/2026-04-11_21-38-08.png,recovered from workshops.cisco.com,automation_images/2026-04-11_21-38-08.png
420,https://ciscosecurityworkshop.com/workshops/brokenfile.php#/11760/user/draft/258781659/image%20%286%29.png,BROKEN IN REFERENCE TOO - external link unchanged,
421,one_cisco_lab_images/2026-04-11_21-39-33.png,recovered from workshops.cisco.com,automation_images/2026-04-11_21-39-33.png
422,https://ciscosecurityworkshop.com/workshops/brokenfile.php#/11760/user/draft/258781659/image%20%287%29.png,BROKEN IN REFERENCE TOO - external link unchanged,
423,one_cisco_lab_images/2026-04-11_21-46-33.png,recovered from workshops.cisco.com,automation_images/2026-04-11_21-46-33.png
424,one_cisco_lab_images/2026-04-11_22-10-02 (1).png,recovered from workshops.cisco.com,automation_images/2026-04-11_22-10-02 (1).png
425,one_cisco_lab_images/2026-04-11_22-18-35.png,recovered from workshops.cisco.com,automation_images/2026-04-11_22-18-35.png
426,https://ciscosecurityworkshop.com/workshops/brokenfile.php#/11760/user/draft/258781659/image%20%2813%29.png,BROKEN IN REFERENCE TOO - external link unchanged,
427,one_cisco_lab_images/2026-04-11_22-20-13.png,recovered from workshops.cisco.com,automation_images/2026-04-11_22-20-13.png
428,https://ciscosecurityworkshop.com/workshops/brokenfile.php#/11760/user/draft/258781659/image%20%2815%29.png,BROKEN IN REFERENCE TOO - external link unchanged,
429,one_cisco_lab_images/2026-04-11_22-25-33.png,recovered from workshops.cisco.com,automation_images/2026-04-11_22-25-33.png
430,https://ciscosecurityworkshop.com/workshops/brokenfile.php#/11760/user/draft/258781659/image%20%2820%29.png,BROKEN IN REFERENCE TOO - external link unchanged,
431,one_cisco_lab_images/2026-04-11_22-33-57.png,recovered from workshops.cisco.com,automation_images/2026-04-11_22-33-57.png
432,https://ciscosecurityworkshop.com/workshops/brokenfile.php#/11760/user/draft/258781659/image%20%2821%29.png,BROKEN IN REFERENCE TOO - external link unchanged,
433,https://ciscosecurityworkshop.com/workshops/brokenfile.php#/11760/user/draft/258781659/image%20%2823%29.png,BROKEN IN REFERENCE TOO - external link unchanged,
434,one_cisco_lab_images/2026-05-01_12-08-12.png,recovered from workshops.cisco.com,automation_images/2026-05-01_12-08-12.png
435,one_cisco_lab_images/2026-04-11_22-39-34.png,recovered from workshops.cisco.com,automation_images/2026-04-11_22-39-34.png
436,https://ciscosecurityworkshop.com/workshops/brokenfile.php#/11760/user/draft/258781659/image%20%2827%29.png,BROKEN IN REFERENCE TOO - external link unchanged,
437,one_cisco_lab_images/2026-04-11_22-40-34.png,recovered from workshops.cisco.com,automation_images/2026-04-11_22-40-34.png
438,one_cisco_lab_images/2026-05-01_12-13-31.png,recovered from workshops.cisco.com,automation_images/2026-05-01_12-13-31.png
439,one_cisco_lab_images/Screenshot 2026-04-23 at 3.09.06_PM.png,recovered from workshops.cisco.com,automation_images/Screenshot 2026-04-23 at 3.09.06 PM.png
440,https://ciscosecurityworkshop.com/workshops/brokenfile.php#/11760/user/draft/258781659/image%20%2829%29.png,BROKEN IN REFERENCE TOO - external link unchanged,
441,one_cisco_lab_images/2026-04-11_21-11-23.png,recovered from workshops.cisco.com,automation_images/2026-04-11_21-11-23.png
442,https://ciscosecurityworkshop.com/workshops/brokenfile.php#/11760/user/draft/258781659/image.png,BROKEN IN REFERENCE TOO - external link unchanged,
443,one_cisco_lab_images/2026-04-12_15-00-32 (1).png,recovered from workshops.cisco.com,automation_images/2026-04-12_15-00-32 (1).png
444,one_cisco_lab_images/2026-07-24_15-14-44 (2).png,recovered from workshops.cisco.com,automation_images/2026-07-24_15-14-44 (2).png
445,one_cisco_lab_images/2026-04-12_15-27-26.png,recovered from workshops.cisco.com,automation_images/2026-04-12_15-27-26.png
446,one_cisco_lab_images/2026-07-24_15-56-52.png,recovered from workshops.cisco.com,automation_images/2026-07-24_15-56-52.png
447,one_cisco_lab_images/2026-07-24_15-15-28.png,recovered from workshops.cisco.com,automation_images/2026-07-24_15-15-28.png
448,one_cisco_lab_images/2026-07-24_15-17-50 (1).png,recovered from workshops.cisco.com,automation_images/2026-07-24_15-17-50 (1).png
449,one_cisco_lab_images/2026-04-12_15-06-54.png,recovered from workshops.cisco.com,automation_images/2026-04-12_15-06-54.png
450,one_cisco_lab_images/2026-07-24_15-19-31.png,recovered from workshops.cisco.com,automation_images/2026-07-24_15-19-31.png
451,one_cisco_lab_images/2026-07-24_15-20-37.png,recovered from workshops.cisco.com,automation_images/2026-07-24_15-20-37.png
452,one_cisco_lab_images/2026-04-12_17-12-49.png,recovered from workshops.cisco.com,automation_images/2026-04-12_17-12-49.png
453,one_cisco_lab_images/2026-04-12_17-17-54.png,recovered from workshops.cisco.com,automation_images/2026-04-12_17-17-54.png
454,one_cisco_lab_images/2026-04-13_22-46-08.png,recovered from workshops.cisco.com,automation_images/2026-04-13_22-46-08.png
455,one_cisco_lab_images/2026-04-12_17-33-29 (1).png,recovered from workshops.cisco.com,automation_images/2026-04-12_17-33-29 (1).png
456,one_cisco_lab_images/2026-04-12_17-34-40.png,recovered from workshops.cisco.com,automation_images/2026-04-12_17-34-40.png
457,https://ciscosecurityworkshop.com/workshops/brokenfile.php#/11760/user/draft/57868309/image%20%286%29.png,BROKEN IN REFERENCE TOO - external link unchanged,
458,one_cisco_lab_images/2026-04-12_18-02-08 (1).png,recovered from workshops.cisco.com,automation_images/2026-04-12_18-02-08 (1).png
459,one_cisco_lab_images/2026-04-12_17-37-59 (2).png,recovered from workshops.cisco.com,automation_images/2026-04-12_17-37-59 (2).png
460,one_cisco_lab_images/2026-04-12_18-09-31 (1).png,recovered from workshops.cisco.com,automation_images/2026-04-12_18-09-31 (1).png
461,one_cisco_lab_images/2026-04-12_18-43-02.png,recovered from workshops.cisco.com,automation_images/2026-04-12_18-43-02.png
462,one_cisco_lab_images/2026-04-12_18-44-53.png,recovered from workshops.cisco.com,automation_images/2026-04-12_18-44-53.png
463,one_cisco_lab_images/2026-04-13_22-49-58.png,recovered from workshops.cisco.com,automation_images/2026-04-13_22-49-58.png
464,one_cisco_lab_images/2026-04-12_19-01-26.png,recovered from workshops.cisco.com,automation_images/2026-04-12_19-01-26.png
465,https://ciscosecurityworkshop.com/workshops/brokenfile.php#/11760/user/draft/57868309/image%20%286%29.png,BROKEN IN REFERENCE TOO - external link unchanged,
466,one_cisco_lab_images/2026-04-12_19-08-07.png,recovered from workshops.cisco.com,automation_images/2026-04-12_19-08-07.png
467,one_cisco_lab_images/2026-04-13_21-51-36.png,recovered from workshops.cisco.com,automation_images/2026-04-13_21-51-36.png
468,one_cisco_lab_images/2026-04-12_20-47-53.png,recovered from workshops.cisco.com,automation_images/2026-04-12_20-47-53.png
469,one_cisco_lab_images/2026-04-13_21-32-31.png,recovered from workshops.cisco.com,automation_images/2026-04-13_21-32-31.png
470,https://ciscosecurityworkshop.com/workshops/brokenfile.php#/11760/user/draft/57868309/image%20%2816%29.png,BROKEN IN REFERENCE TOO - external link unchanged,
471,one_cisco_lab_images/2026-04-13_21-40-49.png,recovered from workshops.cisco.com,automation_images/2026-04-13_21-40-49.png
472,one_cisco_lab_images/2026-04-13_21-36-31.png,recovered from workshops.cisco.com,automation_images/2026-04-13_21-36-31.png
473,one_cisco_lab_images/2026-04-13_21-36-54.png,recovered from workshops.cisco.com,automation_images/2026-04-13_21-36-54.png
474,one_cisco_lab_images/2026-04-13_21-56-43.png,recovered from workshops.cisco.com,automation_images/2026-04-13_21-56-43.png
475,one_cisco_lab_images/2026-04-13_22-03-18.png,recovered from workshops.cisco.com,automation_images/2026-04-13_22-03-18.png
476,one_cisco_lab_images/2026-04-13_22-22-28.png,recovered from workshops.cisco.com,automation_images/2026-04-13_22-22-28.png
477,https://ciscosecurityworkshop.com/workshops/brokenfile.php#/11760/user/draft/57868309/image%20%2820%29.png,BROKEN IN REFERENCE TOO - external link unchanged,
478,one_cisco_lab_images/2026-04-13_22-26-37.png,recovered from workshops.cisco.com,automation_images/2026-04-13_22-26-37.png
479,one_cisco_lab_images/2026-05-01_12-53-16.png,recovered from workshops.cisco.com,automation_images/2026-05-01_12-53-16.png
480,one_cisco_lab_images/8.1-2.png,recovered from workshops.cisco.com,automation_images/8.1-2.png
481,one_cisco_lab_images/8.1-3 (1).png,recovered from workshops.cisco.com,automation_images/8.1-3 (1).png
482,one_cisco_lab_images/8.1-4.png,recovered from workshops.cisco.com,automation_images/8.1-4.png
483,data-missing=8.1-11.png?1775920851921,recovered from workshops.cisco.com,automation_images/8.1-11.png
484,one_cisco_lab_images/8.1-6.png,recovered from workshops.cisco.com,automation_images/8.1-6.png
485,data-missing=8.1-7.png?1775918755912,recovered from workshops.cisco.com,automation_images/8.1-7.png
486,data-missing=8.1-8.png?1775919250119,recovered from workshops.cisco.com,automation_images/8.1-8.png
487,data-missing=8.1-9.png?1775920038290,recovered from workshops.cisco.com,automation_images/8.1-9.png
488,one_cisco_lab_images/8.1-10.png,recovered from workshops.cisco.com,automation_images/8.1-10.png
489,data-missing=8.1-12.png?1775923784541,recovered from workshops.cisco.com,automation_images/8.1-12.png
490,data-missing=8.1-13.png?1775924517789,recovered from workshops.cisco.com,automation_images/8.1-13.png
491,data-missing=8.1-14.png?1775925137097,recovered from workshops.cisco.com,automation_images/8.1-14.png
492,data-missing=8.1-15.png?1775925353098,recovered from workshops.cisco.com,automation_images/8.1-15.png
493,data-missing=8.1-16.png?1775926048656,recovered from workshops.cisco.com,automation_images/8.1-16.png
494,data-missing=8.1-17.png?1775926081410,recovered from workshops.cisco.com,automation_images/8.1-17.png
495,data-missing=8.1-18.png?1775926404811,recovered from workshops.cisco.com,automation_images/8.1-18.png
496,data-missing=8.1-19.png?1775926576886,recovered from workshops.cisco.com,automation_images/8.1-19.png
497,one_cisco_lab_images/8.1-21.png,recovered from workshops.cisco.com,automation_images/8.1-21.png
498,data-missing=8.1-22.png?1775927051031,recovered from workshops.cisco.com,automation_images/8.1-22.png
499,one_cisco_lab_images/8.1-2.png,recovered from workshops.cisco.com,automation_images/8.1-2.png
500,one_cisco_lab_images/8.1-3 (1).png,recovered from workshops.cisco.com,automation_images/8.1-3 (1).png
501,one_cisco_lab_images/8.1-4.png,recovered from workshops.cisco.com,automation_images/8.1-4.png
502,one_cisco_lab_images/SIA-1.png,recovered from workshops.cisco.com,automation_images/SIA-1.png
503,one_cisco_lab_images/8.1-6.png,recovered from workshops.cisco.com,automation_images/8.1-6.png
504,data-missing=8.1-7.png?1775918755912,recovered from workshops.cisco.com,automation_images/8.1-7.png
505,data-missing=8.1-8.png?1775919250119,recovered from workshops.cisco.com,automation_images/8.1-8.png
506,data-missing=8.1-9.png?1775920038290,recovered from workshops.cisco.com,automation_images/8.1-9.png
507,one_cisco_lab_images/SIA-2.png,recovered from workshops.cisco.com,automation_images/SIA-2.png
508,data-missing=8.1-12.png?1775923784541,recovered from workshops.cisco.com,automation_images/8.1-12.png
509,data-missing=8.1-13.png?1775924517789,recovered from workshops.cisco.com,automation_images/8.1-13.png
510,data-missing=8.1-14.png?1775925137097,recovered from workshops.cisco.com,automation_images/8.1-14.png
511,data-missing=8.1-15.png?1775925353098,recovered from workshops.cisco.com,automation_images/8.1-15.png
512,data-missing=8.1-16.png?1775926048656,recovered from workshops.cisco.com,automation_images/8.1-16.png
513,data-missing=8.1-17.png?1775926081410,recovered from workshops.cisco.com,automation_images/8.1-17.png
514,data-missing=8.1-18.png?1775926404811,recovered from workshops.cisco.com,automation_images/8.1-18.png
515,data-missing=8.1-19.png?1775926576886,recovered from workshops.cisco.com,automation_images/8.1-19.png
516,one_cisco_lab_images/8.1-21.png,recovered from workshops.cisco.com,automation_images/8.1-21.png
517,data-missing=8.1-22.png?1775927051031,recovered from workshops.cisco.com,automation_images/8.1-22.png
518,data-missing=8.2-1.png?1776008795493,recovered from workshops.cisco.com,automation_images/8.2-1.png
519,data-missing=8.2-1-1.png?1776123091931,recovered from workshops.cisco.com,automation_images/8.2-1-1.png
520,data-missing=8.2-2.png?1776010201646,recovered from workshops.cisco.com,automation_images/8.2-2.png
521,one_cisco_lab_images/8.2-1-2.png,recovered from workshops.cisco.com,automation_images/8.2-1-2.png
522,data-missing=8.2-5.png?1776023784748,recovered from workshops.cisco.com,automation_images/8.2-5.png
523,data-missing=8.2-2.png?1776010201646,recovered from workshops.cisco.com,automation_images/8.2-2.png
524,one_cisco_lab_images/8.2-1-3.png,recovered from workshops.cisco.com,automation_images/8.2-1-3.png
525,one_cisco_lab_images/8.2-1-4.png,recovered from workshops.cisco.com,automation_images/8.2-1-4.png
526,data-missing=8.2-1.png?1776008795493,recovered from workshops.cisco.com,automation_images/8.2-1.png
527,one_cisco_lab_images/2026-05-01_17-08-39.png,recovered from workshops.cisco.com,automation_images/2026-05-01_17-08-39.png
528,data-missing=8.2-1-5.png?1776127257288,recovered from workshops.cisco.com,automation_images/8.2-1-5.png
529,data-missing=8.2-1-6.png?1776127454391,recovered from workshops.cisco.com,automation_images/8.2-1-6.png
530,data-missing=8.2-1-7.png?1776127700886,recovered from workshops.cisco.com,automation_images/8.2-1-7.png
531,one_cisco_lab_images/8.2-1-8.png,recovered from workshops.cisco.com,automation_images/8.2-1-8.png
532,data-missing=8.2-6 (1).png?1776024557447,recovered from workshops.cisco.com,automation_images/8.2-6 (1).png
533,data-missing=8.2-1-9.png?1776128640152,recovered from workshops.cisco.com,automation_images/8.2-1-9.png
534,data-missing=8.2-1-8 (1).png?1776128699025,recovered from workshops.cisco.com,automation_images/8.2-1-8 (1).png
535,data-missing=8.2-1.png?1776008795493,recovered from workshops.cisco.com,automation_images/8.2-1.png
536,data-missing=8.2-1-1.png?1776123091931,recovered from workshops.cisco.com,automation_images/8.2-1-1.png
537,data-missing=8.2-2.png?1776010201646,recovered from workshops.cisco.com,automation_images/8.2-2.png
538,one_cisco_lab_images/SIA-3.png,recovered from workshops.cisco.com,automation_images/SIA-3.png
539,data-missing=8.2-5.png?1776023784748,recovered from workshops.cisco.com,automation_images/8.2-5.png
540,data-missing=8.2-2.png?1776010201646,recovered from workshops.cisco.com,automation_images/8.2-2.png
541,one_cisco_lab_images/8.2-1-3.png,recovered from workshops.cisco.com,automation_images/8.2-1-3.png
542,one_cisco_lab_images/8.2-1-4.png,recovered from workshops.cisco.com,automation_images/8.2-1-4.png
543,data-missing=8.2-1.png?1776008795493,recovered from workshops.cisco.com,automation_images/8.2-1.png
544,one_cisco_lab_images/2026-05-01_17-08-39.png,recovered from workshops.cisco.com,automation_images/2026-05-01_17-08-39.png
545,data-missing=8.2-1-5.png?1776127257288,recovered from workshops.cisco.com,automation_images/8.2-1-5.png
546,data-missing=8.2-1-6.png?1776127454391,recovered from workshops.cisco.com,automation_images/8.2-1-6.png
547,data-missing=8.2-1-7.png?1776127700886,recovered from workshops.cisco.com,automation_images/8.2-1-7.png
548,one_cisco_lab_images/8.2-1-8.png,recovered from workshops.cisco.com,automation_images/8.2-1-8.png
549,data-missing=8.2-6 (1).png?1776024557447,recovered from workshops.cisco.com,automation_images/8.2-6 (1).png
550,data-missing=8.2-1-9.png?1776128640152,recovered from workshops.cisco.com,automation_images/8.2-1-9.png
551,data-missing=8.2-1-8 (1).png?1776128699025,recovered from workshops.cisco.com,automation_images/8.2-1-8 (1).png
552,data-missing=9.1-1 (5).png?1775681152587,recovered from workshops.cisco.com,automation_images/9.1-1 (5).png
553,data-missing=9.1-2.png?1775681434438,recovered from workshops.cisco.com,automation_images/9.1-2.png
554,data-missing=9.1-3.png?1775681871934,recovered from workshops.cisco.com,automation_images/9.1-3.png
555,data-missing=9.1-4.png?1775683482802,recovered from workshops.cisco.com,automation_images/9.1-4.png
556,data-missing=9.1.5.png?1775683880360,recovered from workshops.cisco.com,automation_images/9.1.5.png
557,one_cisco_lab_images/9.1-6.png,recovered from workshops.cisco.com,automation_images/9.1-6.png
558,data-missing=9.1-7.png?1775684615333,recovered from workshops.cisco.com,automation_images/9.1-7.png
559,data-missing=9.1-8.png?1775685219289,recovered from workshops.cisco.com,automation_images/9.1-8.png
560,data-missing=9.1-9.png?1775685594451,recovered from workshops.cisco.com,automation_images/9.1-9.png
561,data-missing=9.1-10.png?1775686111113,recovered from workshops.cisco.com,automation_images/9.1-10.png
562,data-missing=9.1-11.png?1775695334599,recovered from workshops.cisco.com,automation_images/9.1-11.png
563,one_cisco_lab_images/9.1-13.png,recovered from workshops.cisco.com,automation_images/9.1-13.png
564,data-missing=9.1-14.png?1775697701043,recovered from workshops.cisco.com,automation_images/9.1-14.png
565,data-missing=9.1-15.png?1775698154173,recovered from workshops.cisco.com,automation_images/9.1-15.png
566,data-missing=9.1-16.png?1775698814065,recovered from workshops.cisco.com,automation_images/9.1-16.png
567,data-missing=9.1-17.png?1775699176361,recovered from workshops.cisco.com,automation_images/9.1-17.png
568,data-missing=9.1-18.png?1775699725535,recovered from workshops.cisco.com,automation_images/9.1-18.png
569,data-missing=9.1-19.png?1775700141045,recovered from workshops.cisco.com,automation_images/9.1-19.png
570,data-missing=9.1-20.png?1775700411783,recovered from workshops.cisco.com,automation_images/9.1-20.png
571,data-missing=9.1-21.png?1775700683515,recovered from workshops.cisco.com,automation_images/9.1-21.png
572,data-missing=9.1-22.png?1775701675648,recovered from workshops.cisco.com,automation_images/9.1-22.png
573,data-missing=Screenshot 2026-04-23 at 9.01.33 PM.png?1776996125835,recovered from workshops.cisco.com,automation_images/Screenshot 2026-04-23 at 9.01.33 PM.png
574,one_cisco_lab_images/9.1-23.png,recovered from workshops.cisco.com,automation_images/9.1-23.png
575,data-missing=9.1-24.png?1775704332725,recovered from workshops.cisco.com,automation_images/9.1-24.png
576,data-missing=9.1-25.png?1775739135429,recovered from workshops.cisco.com,automation_images/9.1-25.png
577,data-missing=10.1-2.png?1776131606364,recovered from workshops.cisco.com,automation_images/10.1-2.png
578,data-missing=10.1-3.png?1776132043258,recovered from workshops.cisco.com,automation_images/10.1-3.png
579,data-missing=10.1-8.png?1776135153441,recovered from workshops.cisco.com,automation_images/10.1-8.png
580,data-missing=10.1-10.png?1776135338890,recovered from workshops.cisco.com,automation_images/10.1-10.png
581,data-missing=10.1-7.png?1776134125224,recovered from workshops.cisco.com,automation_images/10.1-7.png
582,data-missing=10.1-11.png?1776135630372,recovered from workshops.cisco.com,automation_images/10.1-11.png
583,one_cisco_lab_images/10.1-13.png,recovered from workshops.cisco.com,automation_images/10.1-13.png
584,data-missing=10.1-12.png?1776135999379,recovered from workshops.cisco.com,automation_images/10.1-12.png
585,data-missing=10.1-14.png?1776178550973,recovered from workshops.cisco.com,automation_images/10.1-14.png
586,data-missing=10.1-15.png?1776185607667,recovered from workshops.cisco.com,automation_images/10.1-15.png
587,data-missing=10.1-16.png?1776187190508,recovered from workshops.cisco.com,automation_images/10.1-16.png
588,data-missing=10.1-17.png?1776187657342,recovered from workshops.cisco.com,automation_images/10.1-17.png
589,data-missing=10.1-18.png?1776188512594,recovered from workshops.cisco.com,automation_images/10.1-18.png
590,data-missing=10.1-19.png?1776188948837,recovered from workshops.cisco.com,automation_images/10.1-19.png
591,data-missing=10.1-21.png?1776193287125,recovered from workshops.cisco.com,automation_images/10.1-21.png
592,data-missing=10.1-22.png?1776193531178,recovered from workshops.cisco.com,automation_images/10.1-22.png
593,data-missing=10.1-23.png?1776194040251,recovered from workshops.cisco.com,automation_images/10.1-23.png
594,data-missing=10.1-24.png?1776195058315,recovered from workshops.cisco.com,automation_images/10.1-24.png
595,one_cisco_lab_images/11.1 (1).png,recovered from workshops.cisco.com,automation_images/11.1 (1).png
596,one_cisco_lab_images/11.3.png,recovered from workshops.cisco.com,automation_images/11.3.png
597,data-missing=11.4.png?1775759979449,recovered from workshops.cisco.com,automation_images/11.4.png
598,data-missing=11.5.png?1775760298655,recovered from workshops.cisco.com,automation_images/11.5.png
599,one_cisco_lab_images/11.6 (1).png,recovered from workshops.cisco.com,automation_images/11.6 (1).png
600,one_cisco_lab_images/11.7.png,recovered from workshops.cisco.com,automation_images/11.7.png
601,data-missing=11.8.png?1775761434030,recovered from workshops.cisco.com,automation_images/11.8.png
602,one_cisco_lab_images/11.9 (1).png,recovered from workshops.cisco.com,automation_images/11.9 (1).png
603,data-missing=11.10 (1).png?1775785805649,recovered from workshops.cisco.com,automation_images/11.10 (1).png
604,data-missing=11.11 (1).png?1775785906094,recovered from workshops.cisco.com,automation_images/11.11 (1).png
605,data-missing=11.1-11.png?1775784191162,recovered from workshops.cisco.com,automation_images/11.1-11.png
606,data-missing=11.1-12.png?1775784418640,recovered from workshops.cisco.com,automation_images/11.1-12.png
607,data-missing=11.1-13.png?1775785004726,recovered from workshops.cisco.com,automation_images/11.1-13.png
608,data-missing=11.2-1.png?1775786887952,recovered from workshops.cisco.com,automation_images/11.2-1.png
609,data-missing=11.2-2.png?1775787857473,recovered from workshops.cisco.com,automation_images/11.2-2.png
610,one_cisco_lab_images/11.3-1-1 (1).png,recovered from workshops.cisco.com,automation_images/11.3-1-1 (1).png
611,data-missing=11.4-1-1.png?1776197548517,recovered from workshops.cisco.com,automation_images/11.4-1-1.png
612,data-missing=11.4-1-2.png?1776198118613,recovered from workshops.cisco.com,automation_images/11.4-1-2.png
613,data-missing=image (1).png?1776198398075,recovered from workshops.cisco.com,automation_images/image (1)-7961.png
614,one_cisco_lab_images/11.1.png,recovered from workshops.cisco.com,automation_images/11.1.png
615,data-missing=B1.1-1.png?1776206948143,recovered from workshops.cisco.com,automation_images/B1.1-1.png
616,data-missing=B1.1-2.png?1776206981703,recovered from workshops.cisco.com,automation_images/B1.1-2.png
617,data-missing=B1.1-3.png?1776207032332,recovered from workshops.cisco.com,automation_images/B1.1-3.png
618,data-missing=B1.1-5.png?1776207067574,recovered from workshops.cisco.com,automation_images/B1.1-5.png
619,data-missing=Screenshot 2026-05-08 at 4.15.02 PM.png?1778274956168,recovered from workshops.cisco.com,automation_images/Screenshot 2026-05-08 at 4.15.02 PM.png
620,data-missing=11.6 (1).png?1776207413467,recovered from workshops.cisco.com,automation_images/11.6 (1).png
621,one_cisco_lab_images/B11.7.png,recovered from workshops.cisco.com,automation_images/B11.7.png
622,one_cisco_lab_images/B11.8 (1).png,recovered from workshops.cisco.com,automation_images/B11.8 (1).png
623,data-missing=B1.1-8.png?1776208079393,recovered from workshops.cisco.com,automation_images/B1.1-8.png
624,one_cisco_lab_images/B1.1-9.png,recovered from workshops.cisco.com,automation_images/B1.1-9.png
625,data-missing=B1.1-10.png?1776208310803,recovered from workshops.cisco.com,automation_images/B1.1-10.png
626,data-missing=B1.1-11.png?1776208522658,recovered from workshops.cisco.com,automation_images/B1.1-11.png
627,data-missing=B1.1-12.png?1776209327979,recovered from workshops.cisco.com,automation_images/B1.1-12.png
628,data-missing=B1.1-13.png?1776209572299,recovered from workshops.cisco.com,automation_images/B1.1-13.png
629,data-missing=B1.1-14.png?1776209894382,recovered from workshops.cisco.com,automation_images/B1.1-14.png
630,data-missing=B1.1-17.png?1776210924061,recovered from workshops.cisco.com,automation_images/B1.1-17.png
631,data-missing=B1.1-16.png?1776210700651,recovered from workshops.cisco.com,automation_images/B1.1-16.png
632,data-missing=B1.1-18.png?1776211038306,recovered from workshops.cisco.com,automation_images/B1.1-18.png
633,data-missing=B1.1-19.png?1776211124897,recovered from workshops.cisco.com,automation_images/B1.1-19.png
634,data-missing=B1.1-20.png?1776211280617,recovered from workshops.cisco.com,automation_images/B1.1-20.png
635,data-missing=B1.1-21.png?1776212244617,recovered from workshops.cisco.com,automation_images/B1.1-21.png
636,https://ciscosecurityworkshop.com/workshops/pluginfile.php/45033/mod_lesson/page_contents/4335/blobid0.png,BROKEN IN REFERENCE TOO - external link unchanged,
637,https://ciscosecurityworkshop.com/workshops/pluginfile.php/45033/mod_lesson/page_contents/4335/blobid1.png,BROKEN IN REFERENCE TOO - external link unchanged,
638,https://ciscosecurityworkshop.com/workshops/pluginfile.php/45033/mod_lesson/page_contents/4335/blobid2.png,BROKEN IN REFERENCE TOO - external link unchanged,
639,https://ciscosecurityworkshop.com/workshops/pluginfile.php/45033/mod_lesson/page_contents/4335/blobid3.png,BROKEN IN REFERENCE TOO - external link unchanged,
640,https://ciscosecurityworkshop.com/workshops/pluginfile.php/45033/mod_lesson/page_contents/4335/AI-Assistant-Task5-Response-Screen.png,BROKEN IN REFERENCE TOO - external link unchanged,
641,https://ciscosecurityworkshop.com/workshops/pluginfile.php/45033/mod_lesson/page_contents/4335/blobid5.png,BROKEN IN REFERENCE TOO - external link unchanged,
642,https://ciscosecurityworkshop.com/workshops/pluginfile.php/45033/mod_lesson/page_contents/4335/blobid6.png,BROKEN IN REFERENCE TOO - external link unchanged,
643,https://ciscosecurityworkshop.com/workshops/pluginfile.php/45033/mod_lesson/page_contents/4335/blobid7.png,BROKEN IN REFERENCE TOO - external link unchanged,
644,one_cisco_lab_images/image.png,recovered from workshops.cisco.com,automation_images/image-8209.png
645,one_cisco_lab_images/image (1).png,recovered from workshops.cisco.com,automation_images/image (1)-8209.png
646,one_cisco_lab_images/NDFC-Login.png,recovered from workshops.cisco.com,automation_images/NDFC-Login.png
647,one_cisco_lab_images/12.2.-2.png,recovered from workshops.cisco.com,automation_images/12.2.-2.png
648,one_cisco_lab_images/12.1-1.png,recovered from workshops.cisco.com,automation_images/12.1-1.png
649,data-missing=12.1-2.png?1776219243220,recovered from workshops.cisco.com,automation_images/12.1-2.png
650,data-missing=12.1-3 (1).png?1776262042419,recovered from workshops.cisco.com,automation_images/12.1-3 (1).png
651,data-missing=12.1-8.png?1776264062921,recovered from workshops.cisco.com,automation_images/12.1-8.png
652,one_cisco_lab_images/12.1-4 (2).png,recovered from workshops.cisco.com,automation_images/12.1-4 (2).png
653,data-missing=12.1-5 (1).png?1776262639412,recovered from workshops.cisco.com,automation_images/12.1-5 (1).png
654,data-missing=12.1-6.png?1776263456151,recovered from workshops.cisco.com,automation_images/12.1-6.png
655,data-missing=12.1-7.png?1776263813687,recovered from workshops.cisco.com,automation_images/12.1-7.png
656,one_cisco_lab_images/12.1-9.png,recovered from workshops.cisco.com,automation_images/12.1-9.png
657,data-missing=12.1-11.png?1776264757484,recovered from workshops.cisco.com,automation_images/12.1-11.png
658,data-missing=12.1-12.png?1776265021446,recovered from workshops.cisco.com,automation_images/12.1-12.png
659,data-missing=12.1-13.png?1776265294553,recovered from workshops.cisco.com,automation_images/12.1-13.png
660,one_cisco_lab_images/Screenshot 2026-04-15 at 2.03.44_PM.png,recovered from workshops.cisco.com,automation_images/Screenshot 2026-04-15 at 2.03.44 PM.png
661,data-missing=Screenshot 2026-04-15 at 2.06.37 PM.png?1776280088151,recovered from workshops.cisco.com,automation_images/Screenshot 2026-04-15 at 2.06.37 PM.png
662,one_cisco_lab_images/12.1-15.png,recovered from workshops.cisco.com,automation_images/12.1-15.png
663,one_cisco_lab_images/12.1-16.png,recovered from workshops.cisco.com,automation_images/12.1-16.png
664,data-missing=12.1-17.png?1776266585594,recovered from workshops.cisco.com,automation_images/12.1-17.png
665,data-missing=12.1-18.png?1776266714580,recovered from workshops.cisco.com,automation_images/12.1-18.png
666,data-missing=12.1-19.png?1776266800872,recovered from workshops.cisco.com,automation_images/12.1-19.png
667,data-missing=12.1-20.png?1776266973169,recovered from workshops.cisco.com,automation_images/12.1-20.png
668,data-missing=12.1-21.png?1776267131701,recovered from workshops.cisco.com,automation_images/12.1-21.png
669,data-missing=12.1-19.png?1776266800872,recovered from workshops.cisco.com,automation_images/12.1-19.png
670,data-missing=12.1-22.png?1776267248483,recovered from workshops.cisco.com,automation_images/12.1-22.png
671,data-missing=12.1-23.png?1776267419839,recovered from workshops.cisco.com,automation_images/12.1-23.png
672,data-missing=Screenshot 2026-04-15 at 2.17.08 PM.png?1776280664939,recovered from workshops.cisco.com,automation_images/Screenshot 2026-04-15 at 2.17.08 PM.png
673,data-missing=12.1-24.png?1776267992544,recovered from workshops.cisco.com,automation_images/12.1-24.png
674,data-missing=12.4-1.png?1776278805501,recovered from workshops.cisco.com,automation_images/12.4-1.png
675,data-missing=12.4-2.png?1776281166014,recovered from workshops.cisco.com,automation_images/12.4-2.png
676,data-missing=12.4-3.png?1776281271035,recovered from workshops.cisco.com,automation_images/12.4-3.png
677,data-missing=12.4-4.png?1776281397044,recovered from workshops.cisco.com,automation_images/12.4-4.png
678,data-missing=12.4-5.png?1776281510456,recovered from workshops.cisco.com,automation_images/12.4-5.png
679,data-missing=12.4-6.png?1776281856290,recovered from workshops.cisco.com,automation_images/12.4-6.png
680,data-missing=12.4-7.png?1776282339122,recovered from workshops.cisco.com,automation_images/12.4-7.png
681,data-missing=12.4-8.png?1776282446356,recovered from workshops.cisco.com,automation_images/12.4-8.png
682,data-missing=12.4-9.png?1776282610470,recovered from workshops.cisco.com,automation_images/12.4-9.png
683,data-missing=12.4-10.png?1776282723117,recovered from workshops.cisco.com,automation_images/12.4-10.png
684,data-missing=12.4-6.png?1776281856290,recovered from workshops.cisco.com,automation_images/12.4-6.png
685,data-missing=12.4-11.png?1776284111409,recovered from workshops.cisco.com,automation_images/12.4-11.png
686,data-missing=12.4-12.png?1776284304694,recovered from workshops.cisco.com,automation_images/12.4-12.png
687,data-missing=14.5-13.png?1776284437180,recovered from workshops.cisco.com,automation_images/14.5-13.png
688,data-missing=14.5-14.png?1776284542709,recovered from workshops.cisco.com,automation_images/14.5-14.png
689,data-missing=12.4-6.png?1776281856290,recovered from workshops.cisco.com,automation_images/12.4-6.png
690,data-missing=14.5-15.png?1776284865743,recovered from workshops.cisco.com,automation_images/14.5-15.png
691,data-missing=14.5-16.png?1776285033609,recovered from workshops.cisco.com,automation_images/14.5-16.png
692,data-missing=14.5-17.png?1776285142983,recovered from workshops.cisco.com,automation_images/14.5-17.png
693,data-missing=14.5-18.png?1776285279281,recovered from workshops.cisco.com,automation_images/14.5-18.png
694,data-missing=14.5-19.png?1776285675238,recovered from workshops.cisco.com,automation_images/14.5-19.png
695,data-missing=14.6-1.png?1776286270669,recovered from workshops.cisco.com,automation_images/14.6-1.png
696,data-missing=14.7-1.png?1776286537567,recovered from workshops.cisco.com,automation_images/14.7-1.png
697,data-missing=14.7-2.png?1776286752127,recovered from workshops.cisco.com,automation_images/14.7-2.png
698,one_cisco_lab_images/14.7-3 (1).png,recovered from workshops.cisco.com,automation_images/14.7-3 (1).png
699,data-missing=14.7-4.png?1776287242588,recovered from workshops.cisco.com,automation_images/14.7-4.png
700,data-missing=14.7-5.png?1776287461165,recovered from workshops.cisco.com,automation_images/14.7-5.png
701,data-missing=14.7-6.png?1776287554848,recovered from workshops.cisco.com,automation_images/14.7-6.png
702,data-missing=14.7-7.png?1776287908257,recovered from workshops.cisco.com,automation_images/14.7-7.png
703,data-missing=14.7-8.png?1776288221154,recovered from workshops.cisco.com,automation_images/14.7-8.png
704,data-missing=14.7-9.png?1776288431651,recovered from workshops.cisco.com,automation_images/14.7-9.png
705,data-missing=14.7-10.png?1776288592324,recovered from workshops.cisco.com,automation_images/14.7-10.png
706,data-missing=14.7-11.png?1776288871745,recovered from workshops.cisco.com,automation_images/14.7-11.png
707,data-missing=14.7-12.png?1776289064173,recovered from workshops.cisco.com,automation_images/14.7-12.png
708,data-missing=14.7-13.png?1776289251369,recovered from workshops.cisco.com,automation_images/14.7-13.png
709,data-missing=14.7-14.png?1776289493967,recovered from workshops.cisco.com,automation_images/14.7-14.png
710,data-missing=14.7-15.png?1776289589481,recovered from workshops.cisco.com,automation_images/14.7-15.png
711,data-missing=14.7-16.png?1776289682837,recovered from workshops.cisco.com,automation_images/14.7-16.png
712,data-missing=14.8-17.png?1776289919328,recovered from workshops.cisco.com,automation_images/14.8-17.png
713,data-missing=14.8-19.png?1776290344249,recovered from workshops.cisco.com,automation_images/14.8-19.png
714,data-missing=14.8-20.png?1776290511525,recovered from workshops.cisco.com,automation_images/14.8-20.png
715,data-missing=14.8-21.png?1776290739552,recovered from workshops.cisco.com,automation_images/14.8-21.png
716,data-missing=14.9-22.png?1776290853837,recovered from workshops.cisco.com,automation_images/14.9-22.png
717,data-missing=14.9-23 (1).png?1776291083040,recovered from workshops.cisco.com,automation_images/14.9-23 (1).png
718,data-missing=14.9-24.png?1776291764401,recovered from workshops.cisco.com,automation_images/14.9-24.png
719,data-missing=14.9-25.png?1776291997378,recovered from workshops.cisco.com,automation_images/14.9-25.png
720,data-missing=14.9-26.png?1776292132787,recovered from workshops.cisco.com,automation_images/14.9-26.png
721,data-missing=14.9-27.png?1776292300143,recovered from workshops.cisco.com,automation_images/14.9-27.png
722,data-missing=14.9-22.png?1776290853837,recovered from workshops.cisco.com,automation_images/14.9-22.png
723,data-missing=14.9-28.png?1776292512540,recovered from workshops.cisco.com,automation_images/14.9-28.png
724,data-missing=14.9-29.png?1776301469278,recovered from workshops.cisco.com,automation_images/14.9-29.png
725,data-missing=14.9-30.png?1776301822148,recovered from workshops.cisco.com,automation_images/14.9-30.png
726,data-missing=14.9-31.png?1776302007527,recovered from workshops.cisco.com,automation_images/14.9-31.png
727,data-missing=14.9-32.png?1776302237164,recovered from workshops.cisco.com,automation_images/14.9-32.png
728,data-missing=14.9-33.png?1776302327747,recovered from workshops.cisco.com,automation_images/14.9-33.png
729,data-missing=14.9-34.png?1776302461762,recovered from workshops.cisco.com,automation_images/14.9-34.png
730,data-missing=14.9-35.png?1776302608246,recovered from workshops.cisco.com,automation_images/14.9-35.png
731,data-missing=14.9-36.png?1776302741320,recovered from workshops.cisco.com,automation_images/14.9-36.png
732,data-missing=14.9-37.png?1776302887072,recovered from workshops.cisco.com,automation_images/14.9-37.png
733,data-missing=14.9-38.png?1776303032116,recovered from workshops.cisco.com,automation_images/14.9-38.png
734,data-missing=14.9-39.png?1776303849741,recovered from workshops.cisco.com,automation_images/14.9-39.png
735,data-missing=14.9-40.png?1776304019644,recovered from workshops.cisco.com,automation_images/14.9-40.png
736,data-missing=14.9-41.png?1776304557194,recovered from workshops.cisco.com,automation_images/14.9-41.png
737,data-missing=14.9-42.png?1776304655849,recovered from workshops.cisco.com,automation_images/14.9-42.png
738,data-missing=14.9-43.png?1776304778509,recovered from workshops.cisco.com,automation_images/14.9-43.png
739,data-missing=14.9-44.png?1776305054341,recovered from workshops.cisco.com,automation_images/14.9-44.png
740,data-missing=14.9-45.png?1776305167633,recovered from workshops.cisco.com,automation_images/14.9-45.png
741,data-missing=14.9-46.png?1776305305172,recovered from workshops.cisco.com,automation_images/14.9-46.png
742,data-missing=14.9-47.png?1776305574066,recovered from workshops.cisco.com,automation_images/14.9-47.png
743,data-missing=14.9-48.png?1776305850489,recovered from workshops.cisco.com,automation_images/14.9-48.png
744,data-missing=14.9-49.png?1776305998351,recovered from workshops.cisco.com,automation_images/14.9-49.png
745,data-missing=14.9-50.png?1776306170766,recovered from workshops.cisco.com,automation_images/14.9-50.png
746,data-missing=14.9-51.png?1776306300174,recovered from workshops.cisco.com,automation_images/14.9-51.png
747,data-missing=14.9-52.png?1776306701265,recovered from workshops.cisco.com,automation_images/14.9-52.png
748,data-missing=14.9-53.png?1776306799952,recovered from workshops.cisco.com,automation_images/14.9-53.png
749,data-missing=14.9-54.png?1776306919260,recovered from workshops.cisco.com,automation_images/14.9-54.png
750,data-missing=14.9-55.png?1776307115759,recovered from workshops.cisco.com,automation_images/14.9-55.png
751,data-missing=14.9-56.png?1776307425829,recovered from workshops.cisco.com,automation_images/14.9-56.png
752,data-missing=14.9-57.png?1776307613150,recovered from workshops.cisco.com,automation_images/14.9-57.png
753,data-missing=14.9-58.png?1776307787979,recovered from workshops.cisco.com,automation_images/14.9-58.png
754,data-missing=14.9-59.png?1776308279287,recovered from workshops.cisco.com,automation_images/14.9-59.png
755,one_cisco_lab_images/14.9-60.png,recovered from workshops.cisco.com,automation_images/14.9-60.png
756,data-missing=14.9-61.png?1776308568575,recovered from workshops.cisco.com,automation_images/14.9-61.png
757,data-missing=14.9-62.png?1776308709759,recovered from workshops.cisco.com,automation_images/14.9-62.png
758,data-missing=14.9-63.png?1776308795312,recovered from workshops.cisco.com,automation_images/14.9-63.png
759,data-missing=14.9-64.png?1776308901681,recovered from workshops.cisco.com,automation_images/14.9-64.png
760,data-missing=14.9-65.png?1776308989032,recovered from workshops.cisco.com,automation_images/14.9-65.png
761,data-missing=14.9-66.png?1776309237518,recovered from workshops.cisco.com,automation_images/14.9-66.png
762,data-missing=14.9-67.png?1776309412332,recovered from workshops.cisco.com,automation_images/14.9-67.png
763,data-missing=14.9-68.png?1776309557004,recovered from workshops.cisco.com,automation_images/14.9-68.png
764,data-missing=14.9-69.png?1776309845472,recovered from workshops.cisco.com,automation_images/14.9-69.png
765,data-missing=14.9-70.png?1776309999028,recovered from workshops.cisco.com,automation_images/14.9-70.png
766,data-missing=14.9-71.png?1776310098112,recovered from workshops.cisco.com,automation_images/14.9-71.png
767,data-missing=14.9-72.png?1776310211152,recovered from workshops.cisco.com,automation_images/14.9-72.png
768,data-missing=14.9-73.png?1776310291263,recovered from workshops.cisco.com,automation_images/14.9-73.png
769,data-missing=14.9-74.png?1776310375206,recovered from workshops.cisco.com,automation_images/14.9-74.png
770,data-missing=14.9-75.png?1776310462160,recovered from workshops.cisco.com,automation_images/14.9-75.png
771,data-missing=14.9-76.png?1776344206695,recovered from workshops.cisco.com,automation_images/14.9-76.png
772,data-missing=14.9-77.png?1776344421050,recovered from workshops.cisco.com,automation_images/14.9-77.png
773,data-missing=14.9-78.png?1776344725224,recovered from workshops.cisco.com,automation_images/14.9-78.png
774,data-missing=14.9-79.png?1776344951128,recovered from workshops.cisco.com,automation_images/14.9-79.png
775,data-missing=14.9-80.png?1776345144156,recovered from workshops.cisco.com,automation_images/14.9-80.png
776,data-missing=14.9-81.png?1776345228466,recovered from workshops.cisco.com,automation_images/14.9-81.png
777,data-missing=14.9-82.png?1776345607006,recovered from workshops.cisco.com,automation_images/14.9-82.png
778,data-missing=14.9-83.png?1776345717065,recovered from workshops.cisco.com,automation_images/14.9-83.png
779,data-missing=14.9-84.png?1776345836608,recovered from workshops.cisco.com,automation_images/14.9-84.png
780,data-missing=14.9-85.png?1776345983259,recovered from workshops.cisco.com,automation_images/14.9-85.png
781,one_cisco_lab_images/Screenshot 2026-05-04 at 7.51.58_AM.png,recovered from workshops.cisco.com,automation_images/Screenshot 2026-05-04 at 7.51.58 AM.png
782,data-missing=Automation-2.png?1777899493719,recovered from workshops.cisco.com,automation_images/Automation-2.png
783,data-missing=image.png?1777899616471,recovered from workshops.cisco.com,automation_images/image-8389.png
784,one_cisco_lab_images/Automation-3.png,recovered from workshops.cisco.com,automation_images/Automation-3.png
785,data-missing=image (3).png?1777901838505,recovered from workshops.cisco.com,automation_images/image (3).png
786,data-missing=Screenshot 2026-05-04 at 9.22.35 AM.png?1777904751495,recovered from workshops.cisco.com,automation_images/Screenshot 2026-05-04 at 9.22.35 AM.png
787,data-missing=Screenshot 2026-05-04 at 4.20.55 PM.png?1777929740161,recovered from workshops.cisco.com,automation_images/Screenshot 2026-05-04 at 4.20.55 PM.png
788,data-missing=Screenshot 2026-05-04 at 8.18.47 AM.png?1777900807312,recovered from workshops.cisco.com,automation_images/Screenshot 2026-05-04 at 8.18.47 AM.png
789,data-missing=Automation-4.png?1777902267608,recovered from workshops.cisco.com,automation_images/Automation-4.png
790,data-missing=Screenshot 2026-05-04 at 9.03.48 AM.png?1777903492152,recovered from workshops.cisco.com,automation_images/Screenshot 2026-05-04 at 9.03.48 AM.png
791,data-missing=Screenshot 2026-05-04 at 6.41.42 PM.png?1777938178213,recovered from workshops.cisco.com,automation_images/Screenshot 2026-05-04 at 6.41.42 PM.png
792,data-missing=Screenshot 2026-05-04 at 6.45.25 PM.png?1777938525805,recovered from workshops.cisco.com,automation_images/Screenshot 2026-05-04 at 6.45.25 PM.png
793,data-missing=Screenshot 2026-05-04 at 7.42.22 PM.png?1777941862743,recovered from workshops.cisco.com,automation_images/Screenshot 2026-05-04 at 7.42.22 PM.png
794,data-missing=Screenshot 2026-05-04 at 7.47.28 PM.png?1777942108543,recovered from workshops.cisco.com,automation_images/Screenshot 2026-05-04 at 7.47.28 PM.png
795,data-missing=Screenshot 2026-05-04 at 7.53.33 PM.png?1777942543087,recovered from workshops.cisco.com,automation_images/Screenshot 2026-05-04 at 7.53.33 PM.png
796,data-missing=Screenshot 2026-05-04 at 7.56.45 PM.png?1777942735684,recovered from workshops.cisco.com,automation_images/Screenshot 2026-05-04 at 7.56.45 PM.png
797,data-missing=Screenshot 2026-05-04 at 8.01.51 PM.png?1777943030859,recovered from workshops.cisco.com,automation_images/Screenshot 2026-05-04 at 8.01.51 PM.png
798,data-missing=Screenshot 2026-05-04 at 7.47.28 PM.png?1777942108543,recovered from workshops.cisco.com,automation_images/Screenshot 2026-05-04 at 7.47.28 PM.png
